-- MySQL dump 10.13  Distrib 8.0.23, for Linux (x86_64)
--
-- Host: localhost    Database: vk
-- ------------------------------------------------------
-- Server version	8.0.23-0ubuntu0.20.04.1

/*!40101 SET @OLD_CHARACTER_SET_CLIENT=@@CHARACTER_SET_CLIENT */;
/*!40101 SET @OLD_CHARACTER_SET_RESULTS=@@CHARACTER_SET_RESULTS */;
/*!40101 SET @OLD_COLLATION_CONNECTION=@@COLLATION_CONNECTION */;
/*!50503 SET NAMES utf8mb4 */;
/*!40103 SET @OLD_TIME_ZONE=@@TIME_ZONE */;
/*!40103 SET TIME_ZONE='+00:00' */;
/*!40014 SET @OLD_UNIQUE_CHECKS=@@UNIQUE_CHECKS, UNIQUE_CHECKS=0 */;
/*!40014 SET @OLD_FOREIGN_KEY_CHECKS=@@FOREIGN_KEY_CHECKS, FOREIGN_KEY_CHECKS=0 */;
/*!40101 SET @OLD_SQL_MODE=@@SQL_MODE, SQL_MODE='NO_AUTO_VALUE_ON_ZERO' */;
/*!40111 SET @OLD_SQL_NOTES=@@SQL_NOTES, SQL_NOTES=0 */;

--
-- Table structure for table `communities`
--

DROP TABLE IF EXISTS `communities`;
/*!40101 SET @saved_cs_client     = @@character_set_client */;
/*!50503 SET character_set_client = utf8mb4 */;
CREATE TABLE `communities` (
  `id` int unsigned NOT NULL AUTO_INCREMENT COMMENT 'Идентификатор сроки',
  `owner_id` int unsigned NOT NULL,
  `name` varchar(150) CHARACTER SET utf8mb4 COLLATE utf8mb4_unicode_ci NOT NULL COMMENT 'Название группы',
  `created_at` datetime DEFAULT CURRENT_TIMESTAMP COMMENT 'Время создания строки',
  `updated_at` datetime DEFAULT CURRENT_TIMESTAMP ON UPDATE CURRENT_TIMESTAMP COMMENT 'Время обновления строки',
  PRIMARY KEY (`id`),
  UNIQUE KEY `name` (`name`)
) ENGINE=InnoDB AUTO_INCREMENT=101 DEFAULT CHARSET=utf8mb4 COLLATE=utf8mb4_unicode_ci COMMENT='Группы';
/*!40101 SET character_set_client = @saved_cs_client */;

--
-- Dumping data for table `communities`
--

LOCK TABLES `communities` WRITE;
/*!40000 ALTER TABLE `communities` DISABLE KEYS */;
INSERT INTO `communities` VALUES (1,93,'distinctio','2013-09-22 12:50:12','2021-02-19 08:03:24'),(2,28,'aliquam','2016-06-09 01:31:00','2021-02-19 08:03:24'),(3,61,'laudantium','2011-05-27 07:53:47','2021-02-19 08:03:24'),(4,20,'ipsam','2016-01-24 21:00:03','2021-02-19 08:03:24'),(5,15,'molestias','2013-02-19 01:21:33','2021-02-19 08:03:24'),(6,15,'voluptas','2019-01-25 17:22:59','2021-02-19 08:03:24'),(7,31,'quisquam','2014-03-03 05:28:10','2021-02-19 08:03:24'),(8,10,'similique','2013-01-23 05:52:51','2021-02-19 08:03:24'),(9,55,'assumenda','2014-04-11 15:30:44','2021-02-19 08:03:24'),(10,46,'vitae','2014-11-22 12:53:13','2021-02-19 08:03:24'),(11,64,'qui','2012-12-31 00:49:07','2021-02-19 08:03:24'),(12,79,'iusto','2018-12-25 09:01:43','2021-02-19 08:03:24'),(13,5,'ut','2018-08-07 03:13:12','2021-02-19 08:03:24'),(14,88,'ipsa','2017-10-11 23:29:56','2021-02-19 08:03:24'),(15,25,'modi','2020-02-29 11:28:35','2021-02-19 08:03:24'),(16,58,'dicta','2011-04-24 01:56:46','2021-02-19 08:03:24'),(17,14,'explicabo','2012-05-27 18:21:20','2021-02-19 08:03:24'),(18,99,'veritatis','2020-06-01 08:23:26','2021-02-19 08:03:24'),(19,50,'quia','2011-07-20 17:39:25','2021-02-19 08:03:24'),(20,51,'nam','2015-11-22 20:33:01','2021-02-19 08:03:24');
/*!40000 ALTER TABLE `communities` ENABLE KEYS */;
UNLOCK TABLES;

--
-- Table structure for table `communities_users`
--

DROP TABLE IF EXISTS `communities_users`;
/*!40101 SET @saved_cs_client     = @@character_set_client */;
/*!50503 SET character_set_client = utf8mb4 */;
CREATE TABLE `communities_users` (
  `community_id` int unsigned NOT NULL COMMENT 'Ссылка на группу',
  `user_id` int unsigned NOT NULL COMMENT 'Ссылка на пользователя',
  `created_at` datetime DEFAULT CURRENT_TIMESTAMP COMMENT 'Время создания строки',
  PRIMARY KEY (`community_id`,`user_id`) COMMENT 'Составной первичный ключ'
) ENGINE=InnoDB DEFAULT CHARSET=utf8mb4 COLLATE=utf8mb4_unicode_ci COMMENT='Участники групп, связь между пользователями и группами';
/*!40101 SET character_set_client = @saved_cs_client */;

--
-- Dumping data for table `communities_users`
--

LOCK TABLES `communities_users` WRITE;
/*!40000 ALTER TABLE `communities_users` DISABLE KEYS */;
INSERT INTO `communities_users` VALUES (1,21,'2020-11-24 12:47:43'),(1,31,'2014-10-11 02:23:06'),(1,41,'2019-10-19 05:32:22'),(1,61,'2011-11-07 23:47:16'),(1,69,'2019-12-07 05:43:02'),(1,76,'2012-05-15 15:51:00'),(2,1,'2015-03-11 07:58:12'),(2,10,'2019-11-13 18:24:28'),(2,25,'2014-03-11 02:29:51'),(2,55,'2013-07-20 07:13:01'),(2,66,'2011-08-12 21:19:46'),(2,88,'2017-04-04 08:35:03'),(3,30,'2017-08-22 12:39:38'),(3,43,'2016-02-27 11:28:25'),(3,45,'2019-06-08 04:49:35'),(3,59,'2018-10-05 04:23:51'),(3,99,'2014-07-05 16:10:12'),(4,7,'2015-05-13 17:27:50'),(4,34,'2011-08-17 06:52:48'),(4,35,'2016-06-06 03:13:26'),(4,40,'2015-08-09 16:57:37'),(4,64,'2011-04-22 16:33:15'),(4,91,'2011-08-11 17:44:51'),(4,97,'2016-07-26 09:47:12'),(5,19,'2014-07-29 19:16:48'),(5,36,'2011-09-18 06:46:07'),(5,78,'2015-01-18 02:32:57'),(6,5,'2014-10-04 21:10:40'),(6,51,'2016-10-26 14:50:15'),(6,53,'2013-11-11 07:15:30'),(6,93,'2017-10-22 23:29:25'),(7,48,'2020-12-11 01:56:31'),(7,58,'2018-11-21 07:46:17'),(7,73,'2014-06-20 19:49:17'),(7,96,'2012-12-28 09:28:42'),(8,18,'2013-08-16 07:26:27'),(8,22,'2015-10-21 09:39:19'),(9,12,'2011-12-27 14:03:32'),(9,70,'2019-12-14 18:18:42'),(9,75,'2015-10-17 13:27:13'),(10,4,'2013-09-29 13:00:06'),(10,16,'2016-06-30 11:10:38'),(10,26,'2020-09-04 07:54:54'),(10,28,'2018-04-01 13:41:07'),(10,85,'2012-04-24 07:52:55'),(10,86,'2018-07-02 16:58:02'),(10,95,'2020-09-24 02:29:14'),(11,11,'2015-12-11 21:59:41'),(11,29,'2011-08-11 15:43:41'),(11,65,'2019-09-05 02:25:39'),(12,17,'2017-10-03 04:16:33'),(12,54,'2013-11-26 00:28:39'),(12,80,'2011-05-19 21:07:53'),(12,89,'2012-09-23 07:10:16'),(12,92,'2018-01-22 23:56:41'),(13,13,'2011-05-02 20:09:29'),(13,42,'2020-03-05 00:55:19'),(13,46,'2018-06-18 08:03:02'),(13,47,'2011-07-19 19:19:27'),(13,52,'2015-07-27 00:46:16'),(13,56,'2017-08-14 16:42:33'),(14,24,'2020-04-25 18:18:14'),(14,60,'2016-01-23 02:54:58'),(14,72,'2016-12-14 13:41:52'),(14,74,'2021-02-09 16:16:47'),(14,79,'2016-05-07 04:21:28'),(14,82,'2020-05-09 13:36:51'),(14,94,'2015-12-11 21:22:59'),(15,37,'2013-10-21 03:15:52'),(15,44,'2020-09-01 12:59:13'),(16,14,'2014-05-18 20:38:35'),(16,23,'2011-11-06 08:51:01'),(16,32,'2015-07-10 00:07:54'),(16,49,'2016-11-09 08:36:37'),(16,90,'2019-03-07 21:13:29'),(17,2,'2011-03-03 06:35:54'),(17,38,'2021-01-18 10:51:35'),(17,57,'2019-10-26 19:42:04'),(17,63,'2014-12-08 17:04:11'),(17,67,'2016-01-09 13:55:10'),(17,83,'2019-02-26 21:50:04'),(17,100,'2011-06-08 02:59:00'),(18,8,'2020-10-10 21:44:35'),(18,77,'2017-09-23 18:45:20'),(18,81,'2016-10-17 03:34:37'),(18,87,'2016-05-30 01:52:41'),(19,20,'2014-09-28 11:02:46'),(19,33,'2017-04-04 09:39:54'),(19,39,'2020-09-25 16:00:12'),(19,50,'2012-03-25 15:06:36'),(19,68,'2014-10-24 12:12:21'),(19,98,'2016-04-07 17:21:29'),(20,3,'2017-07-07 01:27:04'),(20,6,'2017-07-07 12:06:46'),(20,9,'2019-04-09 07:54:43'),(20,15,'2019-02-11 12:55:47'),(20,27,'2017-03-23 12:33:06'),(20,62,'2020-09-28 13:24:14'),(20,71,'2019-03-17 11:50:36'),(20,84,'2013-12-11 09:23:23');
/*!40000 ALTER TABLE `communities_users` ENABLE KEYS */;
UNLOCK TABLES;

--
-- Table structure for table `friendship`
--

DROP TABLE IF EXISTS `friendship`;
/*!40101 SET @saved_cs_client     = @@character_set_client */;
/*!50503 SET character_set_client = utf8mb4 */;
CREATE TABLE `friendship` (
  `user_id` int unsigned NOT NULL COMMENT 'Ссылка на инициатора дружеских отношений',
  `friend_id` int unsigned NOT NULL COMMENT 'Ссылка на получателя приглашения дружить',
  `friendship_status_id` int unsigned NOT NULL COMMENT 'Ссылка на статус (текущее состояние) отношений',
  `confirmed_at` datetime DEFAULT NULL COMMENT 'Время подтверждения приглашения',
  `created_at` datetime DEFAULT CURRENT_TIMESTAMP COMMENT 'Время создания строки',
  `updated_at` datetime DEFAULT CURRENT_TIMESTAMP ON UPDATE CURRENT_TIMESTAMP COMMENT 'Время обновления строки',
  PRIMARY KEY (`user_id`,`friend_id`) COMMENT 'Составной первичный ключ'
) ENGINE=InnoDB DEFAULT CHARSET=utf8mb4 COLLATE=utf8mb4_unicode_ci COMMENT='Таблица дружбы';
/*!40101 SET character_set_client = @saved_cs_client */;

--
-- Dumping data for table `friendship`
--

LOCK TABLES `friendship` WRITE;
/*!40000 ALTER TABLE `friendship` DISABLE KEYS */;
INSERT INTO `friendship` VALUES (2,80,1,'2020-09-11 09:53:45','2012-02-05 00:30:05','2021-02-19 07:59:44'),(2,88,2,'2020-04-27 20:53:19','2012-12-26 09:21:57','2021-02-19 07:59:44'),(3,8,3,'2016-03-06 15:40:27','2017-09-27 20:02:28','2021-02-19 07:59:44'),(3,85,2,'2014-02-02 13:29:14','2018-04-24 20:31:37','2021-02-19 07:59:44'),(4,83,3,'2011-10-15 19:21:41','2015-05-22 05:59:35','2021-02-19 07:59:44'),(5,29,2,'2020-06-11 05:33:39','2018-12-25 13:34:21','2021-02-19 07:59:44'),(5,67,3,'2019-08-19 13:38:39','2015-02-24 12:33:59','2021-02-19 07:59:44'),(5,71,1,'2018-10-01 21:09:32','2017-01-14 19:36:06','2021-02-19 07:59:44'),(5,72,2,'2019-12-01 16:35:28','2011-07-04 12:18:28','2021-02-19 07:59:44'),(7,52,2,'2014-06-28 15:39:07','2020-05-31 08:40:32','2021-02-19 07:59:44'),(7,58,3,'2011-11-15 12:27:45','2020-05-04 23:48:17','2021-02-19 07:59:44'),(8,81,1,'2014-03-12 00:26:04','2020-09-16 20:51:34','2021-02-19 07:59:44'),(9,98,2,'2012-11-13 02:29:28','2012-05-11 16:08:29','2021-02-19 07:59:44'),(11,40,3,'2020-06-09 20:59:41','2017-09-16 17:35:03','2021-02-19 07:59:44'),(12,34,1,'2018-02-23 15:50:31','2016-09-23 15:23:36','2021-02-19 07:59:44'),(12,53,3,'2013-12-16 02:03:28','2017-07-03 04:10:32','2021-02-19 07:59:44'),(13,11,3,'2017-07-29 11:15:05','2013-04-04 06:25:32','2021-02-19 07:59:44'),(13,78,1,'2020-05-22 05:14:14','2011-06-09 00:56:31','2021-02-19 07:59:44'),(13,82,2,'2015-04-06 21:02:38','2011-05-13 06:30:48','2021-02-19 07:59:44'),(16,59,3,'2019-10-08 00:41:00','2020-08-01 21:19:23','2021-02-19 07:59:44'),(17,25,1,'2017-03-27 13:10:09','2016-08-11 08:57:04','2021-02-19 07:59:44'),(17,52,2,'2017-08-26 06:05:50','2015-07-06 00:48:52','2021-02-19 07:59:44'),(18,32,1,'2016-06-17 05:08:39','2018-03-12 15:30:39','2021-02-19 07:59:44'),(20,22,1,'2019-07-25 12:06:47','2018-02-22 17:22:37','2021-02-19 07:59:44'),(20,98,1,'2014-12-13 20:00:14','2013-05-12 09:32:34','2021-02-19 07:59:44'),(21,84,2,'2013-10-15 22:11:13','2014-05-27 01:41:13','2021-02-19 07:59:44'),(23,16,2,'2013-06-01 08:25:49','2018-08-13 01:03:45','2021-02-19 07:59:44'),(23,28,3,'2013-06-24 11:12:48','2018-05-11 14:57:51','2021-02-19 07:50:45'),(24,29,2,'2020-03-24 08:23:29','2019-05-29 12:04:21','2021-02-19 07:59:44'),(26,19,1,'2011-02-28 11:00:05','2014-05-16 07:20:42','2021-02-19 07:59:44'),(26,86,2,'2019-04-06 20:04:06','2019-11-22 21:43:08','2021-02-19 07:59:44'),(27,20,2,'2018-03-16 20:22:35','2018-11-12 02:24:49','2021-02-19 07:59:44'),(27,40,3,'2013-02-10 07:19:35','2011-06-16 07:43:35','2021-02-19 07:59:44'),(27,81,2,'2017-12-11 12:54:11','2019-05-27 00:25:28','2021-02-19 07:59:44'),(28,18,1,'2018-01-15 22:10:17','2014-09-18 18:02:12','2021-02-19 07:59:44'),(29,83,1,'2012-01-27 10:02:09','2020-06-08 13:05:17','2021-02-19 07:59:44'),(30,60,1,'2015-06-12 20:00:38','2016-03-10 11:27:12','2021-02-19 07:59:44'),(31,4,1,'2014-06-30 09:38:18','2016-04-21 19:27:30','2021-02-19 07:59:44'),(31,60,3,'2013-03-30 01:18:46','2015-04-04 09:55:34','2021-02-19 07:59:44'),(32,56,2,'2019-09-30 17:44:45','2020-12-03 09:08:26','2021-02-19 07:59:44'),(32,59,3,'2017-03-04 09:28:55','2013-06-15 05:15:34','2021-02-19 07:59:44'),(32,98,3,'2019-07-24 11:35:01','2019-08-27 01:37:02','2021-02-19 07:59:44'),(33,40,3,'2013-10-01 13:15:11','2013-02-04 17:03:31','2021-02-19 07:59:44'),(33,57,2,'2016-01-21 13:37:02','2011-03-22 05:53:37','2021-02-19 07:59:44'),(36,8,2,'2018-03-22 03:02:52','2015-05-11 12:35:02','2021-02-19 07:59:44'),(37,43,3,'2013-01-31 15:52:39','2015-12-14 17:53:58','2021-02-19 07:59:44'),(38,44,2,'2012-03-22 13:07:15','2012-11-21 23:46:42','2021-02-19 07:59:44'),(39,81,2,'2015-12-15 06:00:48','2019-07-02 16:53:15','2021-02-19 07:59:44'),(40,45,3,'2013-09-05 23:37:21','2014-07-30 07:27:58','2021-02-19 07:59:44'),(41,50,3,'2012-01-13 15:35:46','2013-06-02 10:16:46','2021-02-19 07:59:44'),(42,30,1,'2013-10-27 18:34:08','2014-12-31 07:34:44','2021-02-19 07:59:44'),(43,9,1,'2013-04-28 17:28:59','2016-11-28 10:45:28','2021-02-19 07:59:44'),(43,71,2,'2011-05-17 16:31:58','2016-03-04 12:59:57','2021-02-19 07:59:44'),(43,100,3,'2017-12-05 20:42:05','2015-10-28 17:38:53','2021-02-19 07:59:44'),(45,60,3,'2017-10-25 22:23:45','2015-12-21 17:04:18','2021-02-19 07:59:44'),(47,60,1,'2015-04-30 04:49:02','2015-12-31 10:24:48','2021-02-19 07:59:44'),(48,70,3,'2013-08-22 21:38:44','2015-08-22 21:40:36','2021-02-19 07:59:44'),(50,2,2,'2013-07-07 20:28:55','2016-08-30 01:51:19','2021-02-19 07:59:44'),(50,49,3,'2014-08-22 04:44:56','2019-03-01 13:31:05','2021-02-19 07:59:44'),(50,84,1,'2020-10-25 11:05:51','2013-09-22 10:52:30','2021-02-19 07:59:44'),(51,19,1,'2017-11-12 03:06:38','2017-12-29 19:37:42','2021-02-19 07:59:44'),(52,2,1,'2017-02-19 17:27:24','2017-02-20 15:30:57','2021-02-19 07:59:44'),(52,53,3,'2018-06-21 18:29:03','2012-04-23 21:38:37','2021-02-19 07:59:44'),(52,83,1,'2019-08-20 19:32:02','2020-10-02 13:47:59','2021-02-19 07:59:44'),(53,81,1,'2011-05-23 16:00:43','2011-10-28 03:09:08','2021-02-19 07:59:44'),(55,96,2,'2013-04-09 21:20:43','2014-09-11 17:39:44','2021-02-19 07:59:44'),(56,26,3,'2018-04-06 04:13:54','2017-06-20 01:20:51','2021-02-19 07:59:44'),(58,82,2,'2015-03-29 19:11:54','2013-09-13 10:30:17','2021-02-19 07:59:44'),(60,51,2,'2014-07-13 04:28:13','2011-11-29 05:02:22','2021-02-19 07:59:44'),(62,15,1,'2020-05-04 18:48:50','2019-05-27 16:32:05','2021-02-19 07:59:44'),(63,36,2,'2015-05-30 08:26:19','2020-09-23 00:24:16','2021-02-19 07:59:44'),(65,88,3,'2019-04-25 12:34:07','2011-06-06 11:27:54','2021-02-19 07:59:44'),(66,50,2,'2014-03-29 20:43:46','2017-12-23 15:08:18','2021-02-19 07:59:44'),(67,48,1,'2018-01-20 09:31:49','2019-05-23 19:21:06','2021-02-19 07:59:44'),(68,40,3,'2011-12-26 19:21:55','2020-08-27 19:09:52','2021-02-19 07:59:44'),(68,68,1,'2012-10-30 01:48:29','2018-07-21 09:43:07','2021-02-19 07:59:44'),(69,92,1,'2013-10-18 10:39:17','2014-08-27 10:45:05','2021-02-19 07:59:44'),(70,4,1,'2014-03-10 16:54:02','2015-11-22 02:49:32','2021-02-19 07:59:44'),(70,26,3,'2013-01-14 04:52:35','2016-10-13 11:40:20','2021-02-19 07:59:44'),(70,67,1,'2018-07-27 16:19:34','2018-09-18 17:48:25','2021-02-19 07:59:44'),(71,69,2,'2018-09-02 22:54:05','2012-01-31 08:13:38','2021-02-19 07:59:44'),(72,8,3,'2011-06-24 23:35:52','2016-06-28 21:49:47','2021-02-19 07:59:44'),(72,33,2,'2016-06-25 05:39:50','2015-09-29 18:31:39','2021-02-19 07:59:44'),(73,28,1,'2015-02-03 00:48:33','2017-05-11 15:45:07','2021-02-19 07:59:44'),(74,95,1,'2014-08-04 02:15:18','2020-07-04 03:04:42','2021-02-19 07:59:44'),(79,42,2,'2015-12-18 23:25:26','2012-01-02 01:05:44','2021-02-19 07:59:44'),(81,62,2,'2016-04-20 13:46:29','2015-01-01 17:48:57','2021-02-19 07:59:44'),(85,45,1,'2016-07-28 14:49:02','2011-05-13 20:51:05','2021-02-19 07:50:45'),(85,52,1,'2013-05-21 01:40:08','2012-02-06 18:31:12','2021-02-19 07:59:44'),(86,60,3,'2020-05-18 10:18:28','2020-10-29 10:51:54','2021-02-19 07:59:44'),(88,35,2,'2016-02-26 23:49:22','2015-08-17 03:19:16','2021-02-19 07:59:44'),(89,23,3,'2017-08-02 06:40:06','2013-04-08 21:42:21','2021-02-19 07:59:44'),(89,99,3,'2013-06-11 07:59:12','2015-05-01 04:35:06','2021-02-19 07:59:44'),(90,3,2,'2018-09-22 05:13:04','2017-05-10 11:59:32','2021-02-19 07:59:44'),(92,51,3,'2012-07-14 22:21:03','2018-05-25 16:18:29','2021-02-19 07:59:44'),(94,24,1,'2014-05-21 14:23:43','2014-12-03 15:02:26','2021-02-19 07:59:44'),(94,74,3,'2017-11-16 07:04:16','2014-01-11 00:45:24','2021-02-19 07:59:44'),(95,35,2,'2019-05-21 18:25:20','2016-07-05 17:26:46','2021-02-19 07:59:44'),(96,59,2,'2013-10-03 17:44:08','2014-04-14 07:37:15','2021-02-19 07:59:44'),(98,12,2,'2014-04-28 12:19:15','2018-07-02 14:15:28','2021-02-19 07:59:44');
/*!40000 ALTER TABLE `friendship` ENABLE KEYS */;
UNLOCK TABLES;

--
-- Table structure for table `friendship_statuses`
--

DROP TABLE IF EXISTS `friendship_statuses`;
/*!40101 SET @saved_cs_client     = @@character_set_client */;
/*!50503 SET character_set_client = utf8mb4 */;
CREATE TABLE `friendship_statuses` (
  `id` int unsigned NOT NULL AUTO_INCREMENT COMMENT 'Идентификатор строки',
  `name` varchar(150) CHARACTER SET utf8mb4 COLLATE utf8mb4_unicode_ci NOT NULL COMMENT 'Название статуса',
  `created_at` datetime DEFAULT CURRENT_TIMESTAMP COMMENT 'Время создания строки',
  `updated_at` datetime DEFAULT CURRENT_TIMESTAMP ON UPDATE CURRENT_TIMESTAMP COMMENT 'Время обновления строки',
  PRIMARY KEY (`id`),
  UNIQUE KEY `name` (`name`)
) ENGINE=InnoDB AUTO_INCREMENT=4 DEFAULT CHARSET=utf8mb4 COLLATE=utf8mb4_unicode_ci COMMENT='Статусы дружбы';
/*!40101 SET character_set_client = @saved_cs_client */;

--
-- Dumping data for table `friendship_statuses`
--

LOCK TABLES `friendship_statuses` WRITE;
/*!40000 ALTER TABLE `friendship_statuses` DISABLE KEYS */;
INSERT INTO `friendship_statuses` VALUES (1,'Requested','2021-02-19 07:55:23','2021-02-19 07:55:23'),(2,'Confirmed','2021-02-19 07:55:23','2021-02-19 07:55:23'),(3,'Rejected','2021-02-19 07:55:23','2021-02-19 07:55:23');
/*!40000 ALTER TABLE `friendship_statuses` ENABLE KEYS */;
UNLOCK TABLES;

--
-- Table structure for table `media`
--

DROP TABLE IF EXISTS `media`;
/*!40101 SET @saved_cs_client     = @@character_set_client */;
/*!50503 SET character_set_client = utf8mb4 */;
CREATE TABLE `media` (
  `id` int unsigned NOT NULL AUTO_INCREMENT COMMENT 'Идентификатор строки',
  `user_id` int unsigned NOT NULL COMMENT 'Ссылка на пользователя, который загрузил файл',
  `filename` varchar(255) CHARACTER SET utf8mb4 COLLATE utf8mb4_unicode_ci NOT NULL COMMENT 'Путь к файлу',
  `size` int NOT NULL COMMENT 'Размер файла',
  `metadata` longtext CHARACTER SET utf8mb4 COLLATE utf8mb4_bin COMMENT 'Метаданные файла',
  `media_type_id` int unsigned NOT NULL COMMENT 'Ссылка на тип контента',
  `created_at` datetime DEFAULT CURRENT_TIMESTAMP COMMENT 'Время создания строки',
  `updated_at` datetime DEFAULT CURRENT_TIMESTAMP ON UPDATE CURRENT_TIMESTAMP COMMENT 'Время обновления строки',
  PRIMARY KEY (`id`),
  CONSTRAINT `media_chk_1` CHECK (json_valid(`metadata`))
) ENGINE=InnoDB AUTO_INCREMENT=101 DEFAULT CHARSET=utf8mb4 COLLATE=utf8mb4_unicode_ci COMMENT='Медиафайлы';
/*!40101 SET character_set_client = @saved_cs_client */;

--
-- Dumping data for table `media`
--

LOCK TABLES `media` WRITE;
/*!40000 ALTER TABLE `media` DISABLE KEYS */;
INSERT INTO `media` VALUES (1,36,'https://dropbox.com/vk/https://dropbox.com/vk/https://dropbox.com/vk/ . avi.avi.mpeg4',3529807,'{\"owner\":\"Graciela Jakubowski\"}',3,'2016-08-23 10:52:52','2021-02-19 07:39:31'),(2,92,'https://dropbox.com/vk/https://dropbox.com/vk/https://dropbox.com/vk/ . png.mp3.avi',1348600,'{\"owner\":\"Jacinto Wolf\"}',1,'2017-06-03 11:41:13','2021-02-19 07:39:31'),(3,52,'https://dropbox.com/vk/https://dropbox.com/vk/https://dropbox.com/vk/ . png.png.png',6143582,'{\"owner\":\"David Heidenreich\"}',3,'2013-10-30 18:50:10','2021-02-19 07:22:52'),(4,84,'https://dropbox.com/vk/https://dropbox.com/vk/https://dropbox.com/vk/ . avi.mp3.png',56905,'{\"owner\":\"Selina Rosenbaum\"}',1,'2019-12-08 15:26:40','2021-02-19 07:39:31'),(5,62,'https://dropbox.com/vk/https://dropbox.com/vk/https://dropbox.com/vk/ . mpeg4.mp3.avi',6662112,'{\"owner\":\"Laurie Towne\"}',2,'2019-09-13 10:49:03','2021-02-19 07:39:31'),(6,57,'https://dropbox.com/vk/https://dropbox.com/vk/https://dropbox.com/vk/ . mpeg4.png.mp3',4869812,'{\"owner\":\"Jensen Labadie\"}',2,'2019-09-23 05:23:46','2021-02-19 07:39:31'),(7,97,'https://dropbox.com/vk/https://dropbox.com/vk/https://dropbox.com/vk/ . mp3.mp3.avi',189156853,'{\"owner\":\"Aiden Cartwright\"}',2,'2018-10-13 11:06:40','2021-02-19 07:39:31'),(8,17,'https://dropbox.com/vk/https://dropbox.com/vk/https://dropbox.com/vk/ . avi.mp3.avi',4352724,'{\"owner\":\"Kennith Rogahn\"}',1,'2011-10-15 01:25:21','2021-02-19 07:39:31'),(9,90,'https://dropbox.com/vk/https://dropbox.com/vk/https://dropbox.com/vk/ . avi.mpeg4.avi',20746020,'{\"owner\":\"Maurine Jaskolski\"}',2,'2014-07-31 07:41:17','2021-02-19 07:39:31'),(10,1,'https://dropbox.com/vk/https://dropbox.com/vk/https://dropbox.com/vk/ . mpeg4.mpeg4.mp3',7144187,'{\"owner\":\"Anahi West\"}',1,'2016-07-26 13:09:00','2021-02-19 07:39:31'),(11,34,'https://dropbox.com/vk/https://dropbox.com/vk/https://dropbox.com/vk/ . png.mpeg4.avi',2652765,'{\"owner\":\"Elnora Johnson\"}',1,'2016-03-11 20:46:19','2021-02-19 07:39:31'),(12,68,'https://dropbox.com/vk/https://dropbox.com/vk/https://dropbox.com/vk/ . mp3.mpeg4.avi',7786652,'{\"owner\":\"Alec McLaughlin\"}',2,'2015-02-25 06:30:33','2021-02-19 07:39:31'),(13,36,'https://dropbox.com/vk/https://dropbox.com/vk/https://dropbox.com/vk/ . mp3.mp3.mp3',1821263,'{\"owner\":\"Graciela Jakubowski\"}',1,'2020-12-08 19:19:40','2021-02-19 07:39:31'),(14,74,'https://dropbox.com/vk/https://dropbox.com/vk/https://dropbox.com/vk/ . avi.avi.mpeg4',6481123,'{\"owner\":\"Leo Bechtelar\"}',2,'2012-01-13 15:50:08','2021-02-19 07:39:31'),(15,61,'https://dropbox.com/vk/https://dropbox.com/vk/https://dropbox.com/vk/ . avi.avi.mpeg4',1138023,'{\"owner\":\"Rosemarie Klocko\"}',1,'2019-02-15 11:54:30','2021-02-19 07:39:31'),(16,85,'https://dropbox.com/vk/https://dropbox.com/vk/https://dropbox.com/vk/ . mp3.avi.mp3',161752765,'{\"owner\":\"Nathaniel Simonis\"}',1,'2017-02-22 10:50:53','2021-02-19 07:39:31'),(17,40,'https://dropbox.com/vk/https://dropbox.com/vk/https://dropbox.com/vk/ . mpeg4.avi.mp3',216323,'{\"owner\":\"Antonette Robel\"}',1,'2015-01-20 07:35:02','2021-02-19 07:39:31'),(18,47,'https://dropbox.com/vk/https://dropbox.com/vk/https://dropbox.com/vk/ . png.mp3.mp3',155872961,'{\"owner\":\"Noemy Schoen\"}',2,'2012-03-07 16:52:39','2021-02-19 07:39:31'),(19,13,'https://dropbox.com/vk/https://dropbox.com/vk/https://dropbox.com/vk/ . avi.mpeg4.mp3',7657551,'{\"owner\":\"Ivy Kemmer\"}',1,'2016-02-08 13:59:37','2021-02-19 07:39:31'),(20,22,'https://dropbox.com/vk/https://dropbox.com/vk/https://dropbox.com/vk/ . avi.mpeg4.mpeg4',9297995,'{\"owner\":\"Wilton Ziemann\"}',2,'2020-01-12 16:35:30','2021-02-19 07:39:31'),(21,72,'https://dropbox.com/vk/https://dropbox.com/vk/https://dropbox.com/vk/ . png.avi.avi',7628784,'{\"owner\":\"Ali Reichert\"}',1,'2017-02-10 16:53:05','2021-02-19 07:39:31'),(22,92,'https://dropbox.com/vk/https://dropbox.com/vk/https://dropbox.com/vk/ . mpeg4.avi.avi',8204777,'{\"owner\":\"Jacinto Wolf\"}',2,'2017-07-28 14:26:10','2021-02-19 07:39:31'),(23,44,'https://dropbox.com/vk/https://dropbox.com/vk/https://dropbox.com/vk/ . mp3.mp3.png',5161267,'{\"owner\":\"Murl Hessel\"}',2,'2019-01-22 11:26:29','2021-02-19 07:39:31'),(24,42,'https://dropbox.com/vk/https://dropbox.com/vk/https://dropbox.com/vk/ . png.mpeg4.avi',157250322,'{\"owner\":\"Alena Renner\"}',1,'2016-04-14 09:26:44','2021-02-19 07:39:31'),(25,79,'https://dropbox.com/vk/https://dropbox.com/vk/https://dropbox.com/vk/ . mpeg4.mpeg4.avi',61948244,'{\"owner\":\"Cecilia Rowe\"}',3,'2012-07-04 11:35:18','2021-02-19 07:39:31'),(26,69,'https://dropbox.com/vk/https://dropbox.com/vk/https://dropbox.com/vk/ . mp3.avi.mpeg4',2909983,'{\"owner\":\"Gerda Cole\"}',3,'2013-06-11 08:35:38','2021-02-19 07:39:31'),(27,8,'https://dropbox.com/vk/https://dropbox.com/vk/https://dropbox.com/vk/ . png.avi.mp3',9056116,'{\"owner\":\"Hettie Graham\"}',3,'2015-10-15 00:44:25','2021-02-19 07:39:31'),(28,32,'https://dropbox.com/vk/https://dropbox.com/vk/https://dropbox.com/vk/ . mp3.avi.mpeg4',8030916,'{\"owner\":\"Lysanne Beahan\"}',2,'2016-08-26 00:56:36','2021-02-19 07:39:31'),(29,37,'https://dropbox.com/vk/https://dropbox.com/vk/https://dropbox.com/vk/ . png.mp3.mp3',88719821,'{\"owner\":\"Cecil Hartmann\"}',2,'2018-07-29 21:11:37','2021-02-19 07:39:31'),(30,89,'https://dropbox.com/vk/https://dropbox.com/vk/https://dropbox.com/vk/ . avi.mpeg4.mpeg4',6540633,'{\"owner\":\"Johnson Gottlieb\"}',3,'2017-11-05 10:47:26','2021-02-19 07:39:31'),(31,31,'https://dropbox.com/vk/https://dropbox.com/vk/https://dropbox.com/vk/ . mp3.mp3.mpeg4',51294,'{\"owner\":\"Lucas Simonis\"}',3,'2015-05-02 19:09:53','2021-02-19 07:39:31'),(32,88,'https://dropbox.com/vk/https://dropbox.com/vk/https://dropbox.com/vk/ . png.png.avi',5524816,'{\"owner\":\"Shaun Gislason\"}',2,'2014-08-12 09:08:26','2021-02-19 07:39:31'),(33,48,'https://dropbox.com/vk/https://dropbox.com/vk/https://dropbox.com/vk/ . mpeg4.png.mpeg4',13901,'{\"owner\":\"Chelsie Skiles\"}',1,'2018-07-17 18:41:44','2021-02-19 07:39:31'),(34,73,'https://dropbox.com/vk/https://dropbox.com/vk/https://dropbox.com/vk/ . avi.png.mp3',961445426,'{\"owner\":\"Kristy Kunde\"}',3,'2011-03-02 17:04:10','2021-02-19 07:39:31'),(35,22,'https://dropbox.com/vk/https://dropbox.com/vk/https://dropbox.com/vk/ . mpeg4.mp3.mpeg4',7992182,'{\"owner\":\"Wilton Ziemann\"}',2,'2018-01-18 05:42:29','2021-02-19 07:39:31'),(36,92,'https://dropbox.com/vk/https://dropbox.com/vk/https://dropbox.com/vk/ . mpeg4.mp3.mp3',8111438,'{\"owner\":\"Jacinto Wolf\"}',1,'2018-06-11 08:38:59','2021-02-19 07:39:31'),(37,93,'https://dropbox.com/vk/https://dropbox.com/vk/https://dropbox.com/vk/ . png.mp3.mp3',47429,'{\"owner\":\"Ashlynn Russel\"}',2,'2012-04-20 23:25:05','2021-02-19 07:39:31'),(38,87,'https://dropbox.com/vk/https://dropbox.com/vk/https://dropbox.com/vk/ . mpeg4.avi.mpeg4',3376461,'{\"owner\":\"Elsie Rutherford\"}',3,'2016-07-04 13:59:23','2021-02-19 07:39:31'),(39,56,'https://dropbox.com/vk/https://dropbox.com/vk/https://dropbox.com/vk/ . png.mp3.mp3',2895762,'{\"owner\":\"Reynold Jakubowski\"}',2,'2013-12-03 01:52:26','2021-02-19 07:39:31'),(40,17,'https://dropbox.com/vk/https://dropbox.com/vk/https://dropbox.com/vk/ . mpeg4.mpeg4.avi',4339427,'{\"owner\":\"Kennith Rogahn\"}',3,'2018-09-19 20:42:12','2021-02-19 07:39:31'),(41,19,'https://dropbox.com/vk/https://dropbox.com/vk/https://dropbox.com/vk/ . png.mpeg4.mp3',73537520,'{\"owner\":\"Candace Quitzon\"}',1,'2012-02-29 14:57:26','2021-02-19 07:39:31'),(42,44,'https://dropbox.com/vk/https://dropbox.com/vk/https://dropbox.com/vk/ . mpeg4.mpeg4.mpeg4',2999850,'{\"owner\":\"Murl Hessel\"}',1,'2015-09-28 10:09:18','2021-02-19 07:39:31'),(43,61,'https://dropbox.com/vk/https://dropbox.com/vk/https://dropbox.com/vk/ . png.mp3.mpeg4',653051,'{\"owner\":\"Rosemarie Klocko\"}',2,'2011-07-04 13:10:43','2021-02-19 07:39:31'),(44,72,'https://dropbox.com/vk/https://dropbox.com/vk/https://dropbox.com/vk/ . png.mpeg4.png',1970971,'{\"owner\":\"Ali Reichert\"}',3,'2013-11-04 21:29:59','2021-02-19 07:39:31'),(45,77,'https://dropbox.com/vk/https://dropbox.com/vk/https://dropbox.com/vk/ . png.mp3.mpeg4',48963879,'{\"owner\":\"Abdul Heaney\"}',3,'2014-05-29 11:55:28','2021-02-19 07:39:31'),(46,71,'https://dropbox.com/vk/https://dropbox.com/vk/https://dropbox.com/vk/ . mpeg4.mpeg4.mpeg4',845306,'{\"owner\":\"Corene Braun\"}',2,'2020-05-15 01:46:54','2021-02-19 07:39:31'),(47,20,'https://dropbox.com/vk/https://dropbox.com/vk/https://dropbox.com/vk/ . mpeg4.avi.mpeg4',706289436,'{\"owner\":\"Wayne Mayert\"}',2,'2013-04-05 06:25:56','2021-02-19 07:39:31'),(48,88,'https://dropbox.com/vk/https://dropbox.com/vk/https://dropbox.com/vk/ . mpeg4.mp3.png',8303618,'{\"owner\":\"Shaun Gislason\"}',3,'2016-02-16 00:28:05','2021-02-19 07:39:31'),(49,80,'https://dropbox.com/vk/https://dropbox.com/vk/https://dropbox.com/vk/ . mpeg4.mpeg4.avi',8972173,'{\"owner\":\"Adriana Daugherty\"}',3,'2017-05-25 20:48:43','2021-02-19 07:39:31'),(50,37,'https://dropbox.com/vk/https://dropbox.com/vk/https://dropbox.com/vk/ . avi.avi.png',9940012,'{\"owner\":\"Cecil Hartmann\"}',2,'2015-07-16 17:14:55','2021-02-19 07:39:31'),(51,43,'https://dropbox.com/vk/https://dropbox.com/vk/https://dropbox.com/vk/ . mp3.avi.mpeg4',2773543,'{\"owner\":\"Cayla Gorczany\"}',2,'2017-04-29 01:12:23','2021-02-19 07:39:31'),(52,4,'https://dropbox.com/vk/https://dropbox.com/vk/https://dropbox.com/vk/ . avi.mpeg4.mp3',4037679,'{\"owner\":\"Reva Quitzon\"}',2,'2019-03-01 22:07:48','2021-02-19 07:39:31'),(53,89,'https://dropbox.com/vk/https://dropbox.com/vk/https://dropbox.com/vk/ . mp3.mp3.mpeg4',86664336,'{\"owner\":\"Johnson Gottlieb\"}',1,'2012-08-05 13:11:39','2021-02-19 07:39:31'),(54,33,'https://dropbox.com/vk/https://dropbox.com/vk/https://dropbox.com/vk/ . mpeg4.png.png',1857767,'{\"owner\":\"Keagan Trantow\"}',1,'2020-09-22 17:29:30','2021-02-19 07:39:31'),(55,99,'https://dropbox.com/vk/https://dropbox.com/vk/https://dropbox.com/vk/ . png.png.mp3',7165801,'{\"owner\":\"Kayla Rippin\"}',2,'2020-06-06 23:01:09','2021-02-19 07:39:31'),(56,94,'https://dropbox.com/vk/https://dropbox.com/vk/https://dropbox.com/vk/ . avi.mpeg4.avi',61664820,'{\"owner\":\"Lelah Rohan\"}',1,'2011-10-06 07:36:53','2021-02-19 07:39:31'),(57,74,'https://dropbox.com/vk/https://dropbox.com/vk/https://dropbox.com/vk/ . mp3.mp3.avi',387533734,'{\"owner\":\"Leo Bechtelar\"}',1,'2019-09-22 14:45:47','2021-02-19 07:39:31'),(58,86,'https://dropbox.com/vk/https://dropbox.com/vk/https://dropbox.com/vk/ . mp3.mpeg4.mpeg4',97565,'{\"owner\":\"Guadalupe Rempel\"}',1,'2020-10-10 21:05:56','2021-02-19 07:39:31'),(59,8,'https://dropbox.com/vk/https://dropbox.com/vk/https://dropbox.com/vk/ . png.mpeg4.mpeg4',245701,'{\"owner\":\"Hettie Graham\"}',3,'2017-06-01 21:41:31','2021-02-19 07:39:31'),(60,82,'https://dropbox.com/vk/https://dropbox.com/vk/https://dropbox.com/vk/ . mp3.png.mp3',80275827,'{\"owner\":\"Arnoldo Armstrong\"}',2,'2017-03-23 06:57:04','2021-02-19 07:39:31'),(61,84,'https://dropbox.com/vk/https://dropbox.com/vk/https://dropbox.com/vk/ . mpeg4.mpeg4.mpeg4',9721106,'{\"owner\":\"Selina Rosenbaum\"}',3,'2020-05-03 20:24:11','2021-02-19 07:39:31'),(62,74,'https://dropbox.com/vk/https://dropbox.com/vk/https://dropbox.com/vk/ . png.mp3.mpeg4',53475,'{\"owner\":\"Leo Bechtelar\"}',1,'2016-03-23 19:49:59','2021-02-19 07:39:31'),(63,17,'https://dropbox.com/vk/https://dropbox.com/vk/https://dropbox.com/vk/ . png.png.avi',704934928,'{\"owner\":\"Kennith Rogahn\"}',3,'2016-12-18 16:38:39','2021-02-19 07:39:31'),(64,63,'https://dropbox.com/vk/https://dropbox.com/vk/https://dropbox.com/vk/ . mp3.mpeg4.png',3354469,'{\"owner\":\"Garrick Reichel\"}',1,'2017-05-08 05:40:15','2021-02-19 07:39:31'),(65,63,'https://dropbox.com/vk/https://dropbox.com/vk/https://dropbox.com/vk/ . avi.png.avi',19766,'{\"owner\":\"Garrick Reichel\"}',1,'2011-06-19 23:51:10','2021-02-19 07:39:31'),(66,24,'https://dropbox.com/vk/https://dropbox.com/vk/https://dropbox.com/vk/ . mpeg4.avi.mp3',608235,'{\"owner\":\"Oran Connelly\"}',3,'2020-03-19 03:20:08','2021-02-19 07:39:31'),(67,34,'https://dropbox.com/vk/https://dropbox.com/vk/https://dropbox.com/vk/ . avi.mp3.png',8083414,'{\"owner\":\"Elnora Johnson\"}',1,'2012-05-14 00:41:56','2021-02-19 07:39:31'),(68,95,'https://dropbox.com/vk/https://dropbox.com/vk/https://dropbox.com/vk/ . mp3.mpeg4.mpeg4',20263716,'{\"owner\":\"Demetrius Littel\"}',1,'2017-03-24 16:27:53','2021-02-19 07:39:31'),(69,72,'https://dropbox.com/vk/https://dropbox.com/vk/https://dropbox.com/vk/ . mpeg4.mpeg4.mpeg4',7858427,'{\"owner\":\"Ali Reichert\"}',1,'2015-06-08 10:08:33','2021-02-19 07:39:31'),(70,77,'https://dropbox.com/vk/https://dropbox.com/vk/https://dropbox.com/vk/ . mpeg4.mpeg4.avi',35983725,'{\"owner\":\"Abdul Heaney\"}',3,'2012-12-25 03:45:16','2021-02-19 07:39:31'),(71,66,'https://dropbox.com/vk/https://dropbox.com/vk/https://dropbox.com/vk/ . png.png.png',118820,'{\"owner\":\"Alba Nitzsche\"}',2,'2020-09-08 07:30:51','2021-02-19 07:39:31'),(72,99,'https://dropbox.com/vk/https://dropbox.com/vk/https://dropbox.com/vk/ . mp3.mp3.png',7008816,'{\"owner\":\"Kayla Rippin\"}',2,'2021-01-08 12:55:34','2021-02-19 07:39:31'),(73,97,'https://dropbox.com/vk/https://dropbox.com/vk/https://dropbox.com/vk/ . mp3.mp3.avi',18527520,'{\"owner\":\"Aiden Cartwright\"}',1,'2020-12-23 20:26:32','2021-02-19 07:39:31'),(74,86,'https://dropbox.com/vk/https://dropbox.com/vk/https://dropbox.com/vk/ . mp3.avi.mpeg4',56236,'{\"owner\":\"Guadalupe Rempel\"}',2,'2019-01-05 22:08:15','2021-02-19 07:39:31'),(75,38,'https://dropbox.com/vk/https://dropbox.com/vk/https://dropbox.com/vk/ . mp3.png.avi',963129,'{\"owner\":\"Vern Bailey\"}',3,'2016-12-24 07:02:10','2021-02-19 07:39:31'),(76,33,'https://dropbox.com/vk/https://dropbox.com/vk/https://dropbox.com/vk/ . mpeg4.mpeg4.mp3',4677623,'{\"owner\":\"Keagan Trantow\"}',3,'2014-06-06 00:43:21','2021-02-19 07:39:31'),(77,49,'https://dropbox.com/vk/https://dropbox.com/vk/https://dropbox.com/vk/ . mpeg4.avi.png',2351667,'{\"owner\":\"Aisha Heaney\"}',3,'2018-09-24 05:51:22','2021-02-19 07:39:31'),(78,46,'https://dropbox.com/vk/https://dropbox.com/vk/https://dropbox.com/vk/ . avi.mpeg4.avi',96870,'{\"owner\":\"Marcia Prohaska\"}',3,'2015-09-08 15:42:20','2021-02-19 07:39:31'),(79,81,'https://dropbox.com/vk/https://dropbox.com/vk/https://dropbox.com/vk/ . mpeg4.mpeg4.mpeg4',7715466,'{\"owner\":\"Makayla Beahan\"}',2,'2019-12-26 07:23:37','2021-02-19 07:39:31'),(80,66,'https://dropbox.com/vk/https://dropbox.com/vk/https://dropbox.com/vk/ . mp3.png.png',22615,'{\"owner\":\"Alba Nitzsche\"}',1,'2011-12-11 22:21:06','2021-02-19 07:39:31'),(81,88,'https://dropbox.com/vk/https://dropbox.com/vk/https://dropbox.com/vk/ . mp3.avi.mpeg4',478311269,'{\"owner\":\"Shaun Gislason\"}',2,'2012-10-30 11:07:31','2021-02-19 07:39:31'),(82,40,'https://dropbox.com/vk/https://dropbox.com/vk/https://dropbox.com/vk/ . mpeg4.mpeg4.mpeg4',6767370,'{\"owner\":\"Antonette Robel\"}',2,'2016-08-10 22:45:04','2021-02-19 07:39:31'),(83,37,'https://dropbox.com/vk/https://dropbox.com/vk/https://dropbox.com/vk/ . png.avi.png',1512329,'{\"owner\":\"Cecil Hartmann\"}',3,'2016-01-14 04:36:55','2021-02-19 07:39:31'),(84,65,'https://dropbox.com/vk/https://dropbox.com/vk/https://dropbox.com/vk/ . png.avi.mpeg4',208886,'{\"owner\":\"Junior Wisoky\"}',2,'2013-11-25 23:16:30','2021-02-19 07:39:31'),(85,15,'https://dropbox.com/vk/https://dropbox.com/vk/https://dropbox.com/vk/ . mp3.mp3.mpeg4',7805343,'{\"owner\":\"Travon Schimmel\"}',2,'2016-12-18 13:02:12','2021-02-19 07:39:31'),(86,78,'https://dropbox.com/vk/https://dropbox.com/vk/https://dropbox.com/vk/ . mpeg4.mp3.png',4405250,'{\"owner\":\"Laurel Borer\"}',3,'2017-04-20 00:29:22','2021-02-19 07:39:31'),(87,43,'https://dropbox.com/vk/https://dropbox.com/vk/https://dropbox.com/vk/ . png.mpeg4.avi',7479264,'{\"owner\":\"Cayla Gorczany\"}',1,'2020-12-18 08:05:29','2021-02-19 07:39:31'),(88,81,'https://dropbox.com/vk/https://dropbox.com/vk/https://dropbox.com/vk/ . mpeg4.avi.png',5984197,'{\"owner\":\"Makayla Beahan\"}',1,'2015-12-02 03:40:46','2021-02-19 07:39:31'),(89,78,'https://dropbox.com/vk/https://dropbox.com/vk/https://dropbox.com/vk/ . avi.mp3.mpeg4',4170570,'{\"owner\":\"Laurel Borer\"}',3,'2019-05-13 19:51:01','2021-02-19 07:39:31'),(90,43,'https://dropbox.com/vk/https://dropbox.com/vk/https://dropbox.com/vk/ . avi.mpeg4.mpeg4',8405060,'{\"owner\":\"Cayla Gorczany\"}',2,'2019-03-22 17:40:04','2021-02-19 07:39:31'),(91,82,'https://dropbox.com/vk/https://dropbox.com/vk/https://dropbox.com/vk/ . png.mpeg4.mpeg4',9503590,'{\"owner\":\"Arnoldo Armstrong\"}',3,'2012-09-09 15:11:26','2021-02-19 07:39:31'),(92,80,'https://dropbox.com/vk/https://dropbox.com/vk/https://dropbox.com/vk/ . mp3.mpeg4.png',2292772,'{\"owner\":\"Adriana Daugherty\"}',1,'2015-02-27 21:49:07','2021-02-19 07:39:31'),(93,52,'https://dropbox.com/vk/https://dropbox.com/vk/https://dropbox.com/vk/ . avi.avi.avi',240591,'{\"owner\":\"David Heidenreich\"}',1,'2011-04-16 16:30:41','2021-02-19 07:39:31'),(94,20,'https://dropbox.com/vk/https://dropbox.com/vk/https://dropbox.com/vk/ . avi.mpeg4.mpeg4',63318,'{\"owner\":\"Wayne Mayert\"}',1,'2011-09-08 08:14:55','2021-02-19 07:39:31'),(95,43,'https://dropbox.com/vk/https://dropbox.com/vk/https://dropbox.com/vk/ . mpeg4.mp3.mpeg4',2943092,'{\"owner\":\"Cayla Gorczany\"}',2,'2015-05-18 02:47:37','2021-02-19 07:39:31'),(96,55,'https://dropbox.com/vk/https://dropbox.com/vk/https://dropbox.com/vk/ . mp3.png.mp3',25642674,'{\"owner\":\"Leola Gibson\"}',1,'2012-04-27 13:04:25','2021-02-19 07:39:31'),(97,44,'https://dropbox.com/vk/https://dropbox.com/vk/https://dropbox.com/vk/ . png.mp3.mpeg4',7827143,'{\"owner\":\"Murl Hessel\"}',3,'2011-03-03 18:28:28','2021-02-19 07:39:31'),(98,54,'https://dropbox.com/vk/https://dropbox.com/vk/https://dropbox.com/vk/ . mp3.avi.mp3',296439,'{\"owner\":\"Margarette Haley\"}',3,'2019-01-14 06:49:01','2021-02-19 07:39:31'),(99,40,'https://dropbox.com/vk/https://dropbox.com/vk/https://dropbox.com/vk/ . mpeg4.mpeg4.png',189492,'{\"owner\":\"Antonette Robel\"}',3,'2020-05-31 01:19:28','2021-02-19 07:39:31'),(100,35,'https://dropbox.com/vk/https://dropbox.com/vk/https://dropbox.com/vk/ . avi.png.png',7990768,'{\"owner\":\"Brain Bernhard\"}',2,'2019-09-15 22:39:23','2021-02-19 07:39:31');
/*!40000 ALTER TABLE `media` ENABLE KEYS */;
UNLOCK TABLES;

--
-- Table structure for table `media_types`
--

DROP TABLE IF EXISTS `media_types`;
/*!40101 SET @saved_cs_client     = @@character_set_client */;
/*!50503 SET character_set_client = utf8mb4 */;
CREATE TABLE `media_types` (
  `id` int unsigned NOT NULL AUTO_INCREMENT COMMENT 'Идентификатор строки',
  `name` varchar(255) CHARACTER SET utf8mb4 COLLATE utf8mb4_unicode_ci NOT NULL COMMENT 'Название типа',
  `created_at` datetime DEFAULT CURRENT_TIMESTAMP COMMENT 'Время создания строки',
  `updated_at` datetime DEFAULT CURRENT_TIMESTAMP ON UPDATE CURRENT_TIMESTAMP COMMENT 'Время обновления строки',
  PRIMARY KEY (`id`),
  UNIQUE KEY `name` (`name`)
) ENGINE=InnoDB AUTO_INCREMENT=4 DEFAULT CHARSET=utf8mb4 COLLATE=utf8mb4_unicode_ci COMMENT='Типы медиафайлов';
/*!40101 SET character_set_client = @saved_cs_client */;

--
-- Dumping data for table `media_types`
--

LOCK TABLES `media_types` WRITE;
/*!40000 ALTER TABLE `media_types` DISABLE KEYS */;
INSERT INTO `media_types` VALUES (1,'audio','2021-02-19 07:34:32','2021-02-19 07:34:32'),(2,'video','2021-02-19 07:34:32','2021-02-19 07:34:32'),(3,'image','2021-02-19 07:34:32','2021-02-19 07:34:32');
/*!40000 ALTER TABLE `media_types` ENABLE KEYS */;
UNLOCK TABLES;

--
-- Table structure for table `messages`
--

DROP TABLE IF EXISTS `messages`;
/*!40101 SET @saved_cs_client     = @@character_set_client */;
/*!50503 SET character_set_client = utf8mb4 */;
CREATE TABLE `messages` (
  `id` int unsigned NOT NULL AUTO_INCREMENT COMMENT 'Идентификатор строки',
  `from_user_id` int unsigned NOT NULL COMMENT 'Ссылка на отправителя сообщения',
  `to_user_id` int unsigned NOT NULL COMMENT 'Ссылка на получателя сообщения',
  `body` text CHARACTER SET utf8mb4 COLLATE utf8mb4_unicode_ci NOT NULL COMMENT 'Текст сообщения',
  `is_important` tinyint(1) DEFAULT NULL COMMENT 'Признак важности',
  `is_delivered` tinyint(1) DEFAULT NULL COMMENT 'Признак доставки',
  `created_at` datetime DEFAULT CURRENT_TIMESTAMP COMMENT 'Время создания строки',
  PRIMARY KEY (`id`)
) ENGINE=InnoDB AUTO_INCREMENT=101 DEFAULT CHARSET=utf8mb4 COLLATE=utf8mb4_unicode_ci COMMENT='Сообщения';
/*!40101 SET character_set_client = @saved_cs_client */;

--
-- Dumping data for table `messages`
--

LOCK TABLES `messages` WRITE;
/*!40000 ALTER TABLE `messages` DISABLE KEYS */;
INSERT INTO `messages` VALUES (1,62,14,'Itaque ad in odit voluptatem consequuntur ut cumque et. Dolor odit laborum asperiores atque. Incidunt et quas minus voluptate. Ad nulla quae magni debitis qui velit voluptatem.',1,0,'2012-10-12 00:06:15'),(2,81,63,'Qui similique placeat animi accusamus consequuntur et. Omnis et voluptatem ad eaque qui. Facere debitis non occaecati nam qui molestiae et voluptas. Magni vel perferendis in aut.',0,1,'2019-12-27 11:32:58'),(3,72,70,'Reiciendis esse autem autem voluptas. Assumenda inventore accusamus facilis id. Dolorum fuga totam ab voluptates necessitatibus ducimus.',0,0,'2012-11-15 06:08:09'),(4,32,52,'Ipsam repudiandae quis minima quos. Aut est nesciunt esse possimus voluptatum dignissimos laudantium. Ipsam et est quia qui voluptatum mollitia assumenda. Voluptas qui fuga eum sed.',1,1,'2019-06-22 23:20:50'),(5,63,60,'Cum et accusamus ut dolor libero enim. Quasi dolor esse minus vero. Voluptas ut ratione ut voluptatum ex.',0,0,'2012-05-27 17:10:43'),(6,7,57,'Molestiae et nostrum rem in dolores atque consequatur. Et odio eaque architecto et quis. Quam vel odit odio corporis recusandae veritatis rem. A modi et deleniti est labore est. Odio voluptas omnis vitae et dolorum dolore.',0,0,'2019-04-25 15:33:00'),(7,65,52,'Quasi quia provident quod voluptatibus. Eum aperiam ipsum et nam. Id quidem consequatur et officia.',1,1,'2015-01-16 12:26:18'),(8,64,66,'Vero natus occaecati quo unde omnis eveniet. Enim eos consequatur aliquid et. Animi fugiat non maxime.',0,0,'2014-03-27 01:26:45'),(9,35,79,'Quod voluptas corporis suscipit rem. Accusamus rerum accusantium facilis earum aut magni. Impedit perferendis rerum quia ut ea. Molestias rerum sapiente porro qui nulla.',0,1,'2015-07-24 07:08:04'),(10,86,95,'Eum voluptas fugiat quia corrupti nihil dolor dolor. Aliquid quisquam voluptatibus modi quae ad. Odit expedita voluptatem nostrum facilis sed est.',0,1,'2015-09-01 22:28:37'),(11,15,90,'Nobis dolor accusantium praesentium voluptas aperiam quod animi et. Officiis magnam consectetur qui quisquam aspernatur autem.',1,0,'2015-06-28 00:38:55'),(12,4,48,'Ipsa voluptatem rerum possimus exercitationem veritatis. Quia enim dolores natus qui dolorem. At consequatur maxime porro quisquam.',0,0,'2014-01-10 04:04:06'),(13,28,96,'Non nobis est delectus praesentium saepe non explicabo. Sint accusamus rerum necessitatibus voluptatem. Cupiditate ea aut ducimus sit tempore cum corrupti ullam. Animi esse dolores hic.',0,1,'2013-02-05 09:02:02'),(14,94,85,'Qui quis atque sint et. Commodi est deleniti vero consequatur in ut velit. Vel non quos et aut.',1,0,'2018-11-06 04:37:42'),(15,39,42,'Blanditiis voluptatibus dolores vitae error aut doloremque. Non autem adipisci quam deserunt nemo. Aut deserunt et culpa dignissimos vitae voluptatem. Nam qui vero reiciendis porro eius.',1,0,'2015-10-25 04:42:10'),(16,91,28,'Occaecati veniam ullam consequuntur eos est. Fugiat incidunt aliquid id qui. Ut pariatur ipsum a sint quidem aut animi voluptas. Et ut voluptatem sint sit reprehenderit.',1,1,'2016-06-09 07:15:46'),(17,66,48,'Ea ullam quae non. Ipsam et dolore cum officiis.',0,1,'2020-12-19 19:24:07'),(18,40,55,'Possimus assumenda voluptas hic animi nihil. Temporibus commodi ea et impedit. Pariatur illum officia sed voluptate doloribus et. Est qui veniam sunt repudiandae.',1,1,'2012-01-12 16:52:27'),(19,55,8,'Occaecati doloribus accusantium autem a quaerat sunt quo. Ut deleniti repellat rerum praesentium sunt modi dolorem. Hic quis tempore voluptatem inventore ut sunt earum.',1,0,'2015-10-30 11:00:35'),(20,76,55,'Nesciunt ea nostrum est velit magni et iste non. Illo est praesentium unde nam laudantium itaque. Dolores nihil dolorem natus dolore ipsum qui facilis. Sit similique animi deleniti vero nihil est ea. A aut dolorum eaque corporis porro similique nobis et.',1,1,'2015-06-08 02:28:06'),(21,47,71,'Itaque est sint quia dolor maiores voluptatem labore. Sint deleniti iste modi quis quae et vitae. Voluptatum voluptates libero delectus qui necessitatibus. Numquam assumenda expedita quisquam molestiae aspernatur.',1,0,'2011-02-28 23:07:03'),(22,10,39,'Quis magni unde vero error iste repudiandae. Quaerat blanditiis quisquam sunt quam quo. Quaerat id voluptatibus velit.',1,1,'2015-08-08 14:58:57'),(23,65,5,'Vitae itaque molestias quia nobis suscipit ut. Numquam voluptas odit commodi repellat. Tenetur sapiente eaque id perferendis veritatis distinctio maiores.',0,0,'2015-08-05 04:25:49'),(24,31,37,'Ullam magni sapiente repellat dolore omnis. Quam ut magni tempora expedita explicabo fugiat quibusdam. Qui delectus explicabo consequatur et qui exercitationem ipsam. Ex consequatur perferendis consectetur rem.',0,0,'2015-10-23 17:18:23'),(25,94,60,'Sapiente rerum aut quod consectetur et voluptatum veritatis sit. Quia enim et ab eum rerum magni quaerat. Laudantium exercitationem quis saepe voluptatem a unde sint. Quasi est error voluptas officiis ut dicta.',1,1,'2020-06-23 02:17:04'),(26,14,93,'Nobis inventore dignissimos quasi nemo quia. Officia dolorem qui voluptatibus sapiente ut et perspiciatis. Vitae autem voluptate quasi ipsam sed voluptas. Aut necessitatibus harum repellat neque voluptatem.',1,1,'2016-08-11 06:30:53'),(27,20,19,'Quia mollitia ipsa odio quisquam est. Qui molestias quas occaecati. Provident quas dignissimos est autem id ut repellat.',1,0,'2017-01-09 21:11:25'),(28,37,26,'Voluptas aspernatur pariatur aliquid porro vitae ab. Quos perspiciatis recusandae molestiae omnis consequatur repellendus.',1,1,'2017-09-04 08:15:42'),(29,20,22,'Aperiam officiis officia aliquam quasi blanditiis et. Molestiae rerum ut et exercitationem nemo placeat. Ut fugiat omnis aspernatur deserunt maiores. Illum sit eligendi cupiditate iure aut dolorum.',0,1,'2015-01-02 04:30:22'),(30,49,77,'Expedita nam cumque et qui ducimus excepturi et quaerat. Ea illo perferendis aut. Blanditiis commodi recusandae et magni quod pariatur voluptatum.',0,1,'2013-04-13 18:27:44'),(31,36,52,'Non omnis non odit delectus consequatur architecto sed. Eos sit ut iste placeat. Ratione vero qui mollitia maiores cupiditate delectus dolores.',1,0,'2015-05-02 00:34:28'),(32,51,100,'Consequatur perferendis distinctio qui similique voluptas at magni qui. Velit omnis sunt facere natus sapiente quae.',1,0,'2017-08-05 14:00:49'),(33,43,18,'Et labore tempora consequatur qui illo ratione. At nam deserunt odio qui nobis fuga. Vitae ratione quaerat et consectetur molestiae minus deleniti. Laboriosam id optio praesentium nihil temporibus voluptates.',1,0,'2021-01-31 17:01:01'),(34,57,33,'In dolorum debitis eos autem. Laborum dolorem veritatis eum ad ut esse asperiores. Alias expedita nisi est nemo quae.',0,1,'2012-07-23 20:22:11'),(35,93,66,'Deserunt vitae omnis aperiam voluptatibus. Libero a est veritatis vero. Modi id sed esse tenetur sint provident.',0,0,'2015-07-27 00:51:38'),(36,50,52,'Optio et autem molestiae hic omnis omnis suscipit eveniet. Dignissimos cupiditate sapiente sint voluptates voluptatum consequatur consequuntur porro. Dolorum omnis id pariatur omnis blanditiis. Quia deleniti perferendis neque minus qui corrupti sunt.',1,1,'2020-01-09 04:56:41'),(37,10,94,'Occaecati suscipit est quasi. Omnis fugit enim molestias et quis qui tempora. Enim in voluptas tempora blanditiis. Et officia temporibus voluptate odit ea ducimus assumenda.',1,1,'2013-09-30 11:49:43'),(38,37,4,'Cum veritatis id dignissimos dolor expedita corporis. Et illum aliquam modi. Necessitatibus velit voluptatem in sit cumque sunt doloremque.',1,0,'2018-01-20 22:56:01'),(39,6,20,'Facere porro quam quia totam consequuntur sit. Sint possimus aut dicta voluptatibus qui delectus a. Qui et fuga soluta saepe facere.',1,1,'2018-11-09 19:56:16'),(40,83,52,'Enim distinctio quisquam architecto sint placeat aut. Molestiae quaerat voluptates sed. Et iure voluptatem at ipsa voluptatum voluptatem magni.',1,0,'2014-01-27 05:12:37'),(41,10,95,'Sequi non aut qui quod et. Aliquid quia incidunt qui velit sit. Beatae corporis consequuntur distinctio eius quod sit aut. Dolor aut qui et consectetur illo reiciendis hic.',1,0,'2013-11-11 11:45:59'),(42,43,30,'Est est impedit rerum. Doloremque quos quia assumenda. Soluta assumenda voluptate eos ullam explicabo laudantium eos.',1,0,'2019-06-16 20:41:20'),(43,22,18,'Quod eius optio aspernatur ut voluptatem accusantium nostrum. Repudiandae eius aspernatur sapiente ipsam dolores nulla sint.',0,1,'2011-03-31 11:08:01'),(44,25,71,'Iste magnam odit sit ipsa. Eaque vel ipsa perspiciatis et tempore rerum. Eos autem rerum nobis voluptatem id voluptas quo.',0,1,'2018-07-31 14:22:37'),(45,77,72,'Quod officiis doloribus est pariatur. Cum et sed id amet quis rerum labore. Nostrum ad voluptatem assumenda cupiditate id nulla est est.',0,1,'2014-01-02 17:44:03'),(46,27,20,'Ipsa rem esse quo animi. Rerum similique laudantium qui provident ut provident. Suscipit debitis quod minus natus nemo rerum.',0,1,'2011-03-04 09:35:37'),(47,18,28,'Rem non dolores est optio est repellat. Aut incidunt provident illum quis corporis. Blanditiis rerum voluptatem in.',1,1,'2020-11-22 19:01:49'),(48,87,49,'Autem magnam in sint libero. Consectetur nihil consequatur in et rem. Distinctio alias facilis voluptates et et velit fugiat.',0,1,'2014-07-31 05:04:05'),(49,86,80,'Quod qui et veniam sunt quidem. Ipsam nobis natus earum veritatis. Dolores qui corporis et aut quidem placeat. Quia sint unde voluptas.',1,1,'2015-11-01 03:54:06'),(50,42,71,'Ipsam aliquam ut explicabo aut nemo error non. Nihil incidunt quibusdam eum quas voluptatibus est. Voluptatum qui quas quo fugiat rerum magnam. Qui sit dignissimos non id qui ea.',0,1,'2015-02-27 07:47:37'),(51,29,33,'Sunt temporibus sint voluptatem eveniet maxime voluptatem totam. Sed saepe minus et repellendus eum cupiditate fuga facere.',0,0,'2017-10-02 21:03:17'),(52,75,75,'Incidunt omnis asperiores et doloremque aut quam distinctio. Cupiditate cupiditate odio voluptas temporibus debitis dolor hic. Ea inventore quisquam est ut. Cum consequatur incidunt sunt soluta voluptas quos enim. Id sunt exercitationem et rerum.',0,0,'2015-12-12 21:12:23'),(53,49,19,'Sit id odio impedit. Odio est vitae voluptatem. Voluptatem et aliquam voluptatem cupiditate numquam quis. Possimus unde quasi aut qui voluptas est dolor.',1,0,'2019-06-24 09:12:54'),(54,50,90,'Ducimus placeat ducimus illum quo tenetur adipisci. Quasi aut quae quasi ullam est sequi quidem eum. Labore aspernatur quo corrupti molestiae nesciunt impedit. Nulla sed beatae tenetur quisquam.',0,0,'2018-02-16 12:30:27'),(55,1,35,'Repudiandae perspiciatis voluptate voluptas magni. Esse exercitationem veniam blanditiis quo omnis modi. Impedit non molestiae odio quia. Molestias id itaque officia autem.',1,1,'2017-02-25 19:27:28'),(56,71,50,'Nemo sed animi error cum nam aut beatae dolorem. Rerum voluptatem voluptatem sit eius eligendi non. Cupiditate accusamus velit adipisci veniam id velit cumque occaecati. Similique aut voluptatibus doloremque unde provident voluptatem dolor delectus.',1,1,'2015-03-04 06:23:50'),(57,36,32,'Minus nostrum doloribus illo dolore consectetur inventore. Facilis a perferendis adipisci rerum vel dolorem consequatur. Reprehenderit aut magni dolorem rem quae illum et quas. Dicta enim vitae ex recusandae aliquid quia beatae sunt.',0,1,'2019-08-12 06:41:22'),(58,48,44,'Labore aspernatur illum modi quisquam autem cupiditate. Ducimus mollitia itaque quia velit ea excepturi aut. Dolor quia hic ab.',0,1,'2011-10-13 00:03:07'),(59,75,43,'Fugit optio voluptatem fugiat id enim voluptatem in. Ullam est et dolor sed explicabo earum. Quam hic error cupiditate dicta iusto cupiditate impedit.',1,0,'2013-01-02 05:12:37'),(60,91,24,'Eos dolor et quo velit expedita. Et nam sit alias quidem ducimus quis. Consequatur neque temporibus dolor pariatur ut. Id libero in dolorum aliquid quae mollitia voluptatum. Ex sed sapiente porro qui nobis.',0,1,'2018-09-27 05:51:30'),(61,49,71,'Ipsa in voluptate neque recusandae id. Ab odit atque mollitia est vero. Recusandae similique quae quisquam ut. Quis voluptatem cum id ut ducimus qui a.',1,1,'2018-10-06 08:31:50'),(62,6,16,'Tenetur facere quidem odit voluptatibus minima voluptatem quam officia. Qui magni libero ullam sed. Autem est mollitia autem.',0,1,'2012-12-08 13:37:47'),(63,61,56,'Atque maiores ad aut. Magni soluta et dignissimos iure deserunt ut. Enim in pariatur numquam et suscipit natus et.',0,0,'2019-04-05 04:54:44'),(64,98,21,'Quod nemo illo odit quis. Qui accusantium commodi incidunt et fugiat. Nisi voluptatibus suscipit earum deserunt delectus debitis nihil qui.',1,1,'2011-09-03 12:03:48'),(65,9,82,'Veniam sunt recusandae enim dolorem suscipit aut et consequuntur. Expedita saepe quia alias omnis aliquam assumenda vel. Sint molestiae quaerat debitis.',0,0,'2011-08-17 10:28:32'),(66,83,66,'Quisquam ut et quod fugiat. Ipsam iusto quo ducimus deserunt dolorem. Delectus voluptates rerum reprehenderit ut.',1,1,'2019-08-10 00:30:32'),(67,84,20,'Necessitatibus sit aliquam enim iure quos. Et sit sint molestias voluptas suscipit. Optio in aut facere eius quaerat doloremque aut. Et molestias dicta qui velit iure.',1,1,'2013-07-28 11:53:40'),(68,48,78,'Molestiae et impedit quaerat nisi. Et ut dignissimos mollitia eum tempore voluptates illum. Quae error rerum id soluta deserunt ipsam dolorum. Qui fugiat ut eos. Et sed tempora placeat voluptatem et placeat.',0,0,'2014-04-05 17:32:50'),(69,46,96,'Impedit blanditiis amet molestiae corrupti ea velit. Tenetur sed est ut in consequatur numquam. Cum natus vel tempora voluptatem mollitia ducimus. Rerum numquam illum et magni tempora laudantium in.',0,1,'2020-01-25 21:09:41'),(70,40,13,'Voluptatem eaque iusto animi est ut molestias. Ipsam voluptatem voluptas eos deleniti. Perspiciatis facere qui amet aperiam. Nam eligendi et quia aut corporis ipsum quis.',1,1,'2019-01-18 16:59:22'),(71,46,90,'Est dolorum quos illo et similique. Voluptatem in rem qui dolorem voluptatem. Nihil eaque quaerat rerum totam. Magnam officiis reiciendis fugit id.',0,0,'2020-07-09 13:49:20'),(72,10,82,'Nemo delectus eveniet praesentium temporibus consequatur quia quos. Doloremque velit consequatur quasi autem numquam sunt dolores. Sunt sit itaque nesciunt velit ipsum. Ex alias ipsam ea ex.',1,0,'2016-06-15 22:04:54'),(73,77,40,'Corporis itaque libero praesentium rerum. Labore et ipsam aspernatur hic eos debitis commodi consequatur. Placeat eum nostrum ea quod.',0,1,'2020-12-26 21:32:17'),(74,66,11,'Commodi repudiandae esse culpa esse dolor et. Quisquam voluptatibus reprehenderit nostrum accusamus illo. Eveniet qui et nihil ipsa.',0,0,'2014-06-22 14:15:32'),(75,57,53,'Incidunt nisi et aliquam nesciunt. Saepe aut qui beatae labore quia. Odit architecto omnis laudantium. Quis dolorum id cupiditate harum quia.',0,1,'2019-11-16 13:21:31'),(76,92,100,'Similique quas amet praesentium autem necessitatibus cumque facilis praesentium. Sequi aut explicabo consequatur sit culpa ratione. Cupiditate quod rerum animi dolor sint ipsam.',0,0,'2020-10-11 03:09:06'),(77,26,27,'Porro magni alias officiis. Rerum sed laudantium occaecati reiciendis. Qui est velit quisquam ut. Officiis adipisci sint repellat exercitationem mollitia optio.',0,0,'2014-04-18 23:56:45'),(78,56,1,'Nam animi quia neque excepturi est reprehenderit. Fuga quia corporis ut esse officiis ut et. Numquam a facere asperiores eaque. Provident ut veritatis beatae in delectus porro cupiditate.',0,0,'2019-10-27 23:39:46'),(79,34,69,'Qui repudiandae numquam reiciendis exercitationem voluptatem quae eaque. Voluptatem sunt consequatur sint eveniet voluptas. Vel cum maiores facere saepe eveniet.',0,1,'2016-03-10 03:35:11'),(80,43,6,'Veritatis consectetur ullam dicta veritatis dolorem. Facere sequi ducimus voluptas quia et quaerat nemo. Molestias sit atque doloribus cumque asperiores qui. Iste aliquam assumenda recusandae itaque blanditiis repudiandae.',0,1,'2018-05-22 02:33:49'),(81,2,92,'Sunt est incidunt ullam consequatur quis. Sed quo unde laudantium atque. Enim sed illum fuga velit necessitatibus tempore. Sapiente consequuntur nulla eaque alias.',1,0,'2017-10-12 08:00:25'),(82,53,87,'Consequatur aut ratione delectus ipsum consequatur. Quia dicta provident quidem sapiente sint molestias cumque quasi. Molestias ut vel magni rerum molestiae id.',0,0,'2020-04-18 00:56:21'),(83,78,29,'Doloribus est fugit voluptate quia optio. Odio minima ea omnis nobis ea numquam mollitia. Rem alias voluptas in voluptatem atque facilis quia. Eligendi omnis adipisci iure quod.',0,1,'2018-12-01 11:35:37'),(84,10,63,'Et et culpa reprehenderit nemo aliquid consequatur porro. Quod ut corporis eum nobis quas qui vero quia. Ut quia quia assumenda accusamus.',0,1,'2013-03-02 14:03:42'),(85,82,23,'Quia aliquid voluptatum at. Animi nemo accusamus rerum omnis impedit alias. Aliquid iure velit totam quas enim.',1,1,'2017-06-18 13:10:59'),(86,66,62,'Ut aspernatur voluptatem laudantium voluptatem. Totam consequatur et perspiciatis. Consequatur mollitia quia ipsa maiores. Eligendi consequuntur vero blanditiis voluptatum.',0,0,'2020-10-10 12:35:16'),(87,9,62,'Doloremque ullam architecto dolores ipsum eos iure. Corrupti reprehenderit expedita molestiae aut. Dolor tenetur quibusdam eos consequatur enim.',0,0,'2012-06-01 21:46:25'),(88,81,17,'Iste soluta consequatur modi doloribus. Accusantium enim voluptatem consequatur amet. Quo soluta facilis quia in sunt fugit aut. Pariatur officiis sit debitis ut.',1,0,'2020-05-08 14:20:42'),(89,41,53,'Et autem repellendus enim cum est praesentium consequatur. Vitae culpa excepturi omnis. Magni explicabo autem voluptas est unde sint et. Nam praesentium dolorem ipsum vel repellat cupiditate.',0,1,'2020-12-02 11:52:16'),(90,45,62,'Sunt molestiae provident temporibus eos quas. Cupiditate accusantium nostrum debitis itaque reiciendis et. Ex et laudantium optio aperiam. Perferendis veritatis temporibus vero corporis perferendis.',0,1,'2014-09-03 09:06:07'),(91,76,92,'Et corrupti culpa velit consequuntur. Laboriosam dolores voluptatem magni beatae.',1,1,'2017-10-27 21:42:22'),(92,32,82,'Natus aliquam fuga accusamus explicabo autem voluptas quibusdam. Itaque et autem vel debitis accusamus reiciendis excepturi facilis. Enim ipsa quisquam porro eos veniam aliquam eius. Qui et et iusto.',0,1,'2011-07-17 21:25:14'),(93,15,28,'Sed enim sunt aspernatur. Et est repellendus molestiae accusamus autem est quae ipsum. Aspernatur aliquam pariatur minima autem dolorum.',0,0,'2013-08-23 07:37:12'),(94,95,89,'Ipsum deserunt aliquid et expedita tempore. Sunt aut soluta ab sed eos necessitatibus ut. Quia nam doloribus saepe quisquam illo numquam. Aut ad qui laboriosam illum deleniti commodi excepturi rerum.',0,1,'2021-01-20 10:00:43'),(95,60,34,'Ut sapiente qui nulla minima qui sed tenetur vel. Et facere ad odio voluptates dolorem expedita recusandae.',1,0,'2011-02-28 14:12:06'),(96,87,35,'Tenetur vitae vel corporis ducimus. Ad dolor quisquam officiis est. Aut soluta consequatur similique et ea voluptatem.',0,0,'2018-02-23 22:36:42'),(97,13,58,'Minus aspernatur reprehenderit voluptate quasi. Amet est in nam optio. Unde provident quis recusandae minus cumque quos rerum. Ut magni et aliquam est dolor tempore id.',0,0,'2019-02-23 13:20:12'),(98,50,75,'Rerum deserunt velit corrupti molestiae et. Et qui aliquid quos nulla minima. In quis et nesciunt voluptatem quo dolor quod.',1,1,'2015-10-29 00:25:57'),(99,24,95,'Dolores dicta laboriosam dolor. Animi aut qui aut ab velit.',1,1,'2012-04-30 09:29:53'),(100,3,29,'Tempore sed aperiam adipisci architecto tenetur et. Quaerat quia dolores dignissimos nihil et rerum. Est vitae odit numquam iusto at est. Temporibus officia qui sed ipsum dignissimos dolores suscipit.',1,1,'2016-04-24 20:02:37');
/*!40000 ALTER TABLE `messages` ENABLE KEYS */;
UNLOCK TABLES;

--
-- Table structure for table `profiles`
--

DROP TABLE IF EXISTS `profiles`;
/*!40101 SET @saved_cs_client     = @@character_set_client */;
/*!50503 SET character_set_client = utf8mb4 */;
CREATE TABLE `profiles` (
  `user_id` int unsigned NOT NULL COMMENT 'Ссылка на пользователя',
  `gender` enum('M','F') COLLATE utf8mb4_unicode_ci DEFAULT NULL,
  `birthday` date DEFAULT NULL COMMENT 'Дата рождения',
  `city` varchar(130) CHARACTER SET utf8mb4 COLLATE utf8mb4_unicode_ci DEFAULT NULL COMMENT 'Город проживания',
  `country` varchar(130) CHARACTER SET utf8mb4 COLLATE utf8mb4_unicode_ci DEFAULT NULL COMMENT 'Страна проживания',
  `created_at` datetime DEFAULT CURRENT_TIMESTAMP COMMENT 'Время создания строки',
  `updated_at` datetime DEFAULT CURRENT_TIMESTAMP ON UPDATE CURRENT_TIMESTAMP COMMENT 'Время обновления строки',
  PRIMARY KEY (`user_id`)
) ENGINE=InnoDB DEFAULT CHARSET=utf8mb4 COLLATE=utf8mb4_unicode_ci COMMENT='Профили';
/*!40101 SET character_set_client = @saved_cs_client */;

--
-- Dumping data for table `profiles`
--

LOCK TABLES `profiles` WRITE;
/*!40000 ALTER TABLE `profiles` DISABLE KEYS */;
INSERT INTO `profiles` VALUES (1,'F','2015-06-16','Lawsonmouth','Korea','2021-02-19 06:13:31','2021-02-19 06:13:31'),(2,'F','2011-02-19','West Isadore','Czech Republic','2016-04-16 14:05:25','2021-02-19 06:07:16'),(3,'F','2020-06-26','West Kacie','Kenya','2021-02-19 06:13:31','2021-02-19 06:13:31'),(4,'F','2017-09-11','Raetown','Guernsey','2020-03-17 15:01:35','2021-02-19 06:07:16'),(5,'M','2020-03-04','Martaview','Chad','2021-02-19 06:13:31','2021-02-19 06:13:31'),(6,'F','2015-03-16','Kihnland','Solomon Islands','2015-07-05 15:57:35','2017-05-14 05:29:34'),(7,'F','2015-08-15','Adrianashire','Botswana','2019-04-04 15:02:21','2021-02-19 06:07:16'),(8,'M','2014-10-03','Arloberg','Trinidad and Tobago','2021-02-19 06:13:31','2021-02-19 06:13:31'),(9,'M','2016-09-01','Anaisberg','Jamaica','2021-02-19 06:13:31','2021-02-19 06:13:31'),(10,'F','2019-01-03','North Arely','Bahamas','2021-02-19 06:13:31','2021-02-19 06:13:31'),(11,'F','2018-07-15','Kochmouth','Saint Kitts and Nevis','2021-02-19 06:13:31','2021-02-19 06:13:31'),(12,'M','2011-08-20','Adamsshire','Sri Lanka','2019-02-19 01:06:47','2021-02-19 06:07:16'),(13,'M','2019-11-22','Manuelaport','Suriname','2021-02-19 06:13:31','2021-02-19 06:13:31'),(14,'F','2016-12-02','West Phoebe','Cyprus','2021-02-19 06:13:31','2021-02-19 06:13:31'),(15,'M','2018-12-15','Lake Astrid','Bulgaria','2021-02-19 06:13:31','2021-02-19 06:13:31'),(16,'M','2015-11-22','North Caroline','French Southern Territories','2016-10-19 04:15:03','2021-02-19 06:07:16'),(17,'F','2011-09-16','East Berylmouth','Moldova','2013-09-10 18:45:47','2021-02-19 06:07:16'),(18,'F','2011-02-27','Lake Sadyeborough','Poland','2020-12-28 19:44:29','2021-02-19 06:07:16'),(19,'M','2014-12-16','West Tiarabury','Saint Pierre and Miquelon','2017-10-01 09:10:06','2020-02-13 05:53:07'),(20,'F','2017-07-28','Micaelachester','Montserrat','2021-01-09 12:00:28','2021-02-19 06:07:16'),(21,'M','2015-03-16','Lake Lavon','Central African Republic','2019-08-05 20:59:35','2021-02-19 06:07:16'),(22,'F','2016-02-18','East Lauretta','Wallis and Futuna','2017-05-22 14:19:08','2020-08-17 22:11:34'),(23,'M','2011-04-04','South Dax','Venezuela','2016-01-03 10:27:23','2021-02-19 06:07:16'),(24,'M','2013-11-30','Brendachester','Niger','2021-02-19 06:13:31','2021-02-19 06:13:31'),(25,'M','2015-03-12','Lucioton','Niue','2015-11-06 12:46:39','2021-02-19 06:07:16'),(26,'M','2013-04-08','Stehrmouth','Afghanistan','2015-11-28 01:15:57','2021-02-19 06:07:16'),(27,'M','2019-10-10','Lake Lulufurt','Bahrain','2021-02-19 06:13:31','2021-02-19 06:13:31'),(28,'M','2019-04-10','West Austen','French Southern Territories','2021-02-19 06:13:31','2021-02-19 06:13:31'),(29,'F','2020-08-12','Maritzaton','Dominica','2021-02-19 06:13:31','2021-02-19 06:13:31'),(30,'M','2011-04-28','Groverside','Mauritius','2015-09-15 19:02:28','2016-01-16 13:38:24'),(31,'M','2015-02-03','Zoraton','Jordan','2021-02-19 06:13:31','2021-02-19 06:13:31'),(32,'F','2019-08-14','Zoeyborough','American Samoa','2021-02-19 06:13:31','2021-02-19 06:13:31'),(33,'M','2012-01-10','Koelpinstad','Martinique','2017-07-11 04:19:50','2021-02-19 06:07:16'),(34,'F','2018-11-17','Lake Patrickmouth','United Kingdom','2021-02-19 06:13:31','2021-02-19 06:13:31'),(35,'M','2016-12-24','Giovannimouth','India','2018-08-13 04:01:13','2019-12-19 15:34:48'),(36,'F','2013-03-21','Alanafort','Kiribati','2016-01-17 03:29:42','2019-10-26 23:19:52'),(37,'F','2018-12-28','Dellaberg','Albania','2021-02-19 06:13:31','2021-02-19 06:13:31'),(38,'M','2014-02-26','Lake Rosa','Estonia','2020-09-07 21:51:53','2021-02-19 06:07:16'),(39,'F','2019-01-19','Namemouth','Morocco','2019-06-10 08:29:16','2021-02-19 06:07:16'),(40,'M','2018-11-22','Lubowitzmouth','Uruguay','2021-02-19 06:13:31','2021-02-19 06:13:31'),(41,'M','2020-12-22','South Paulshire','Barbados','2021-02-19 06:13:31','2021-02-19 06:13:31'),(42,'M','2020-10-18','Walshbury','Greece','2021-01-30 15:01:12','2021-02-19 06:07:16'),(43,'F','2017-04-23','Port Winona','Italy','2021-02-19 06:13:31','2021-02-19 06:13:31'),(44,'F','2017-07-13','Creolaburgh','Nepal','2019-08-21 01:11:32','2021-02-19 06:07:16'),(45,'M','2016-12-01','East Tommiehaven','Martinique','2021-02-19 06:13:31','2021-02-19 06:13:31'),(46,'F','2016-10-21','Jaymemouth','Singapore','2017-04-30 21:46:52','2020-05-15 15:24:13'),(47,'M','2013-08-06','New Korytown','Egypt','2013-11-13 12:38:27','2021-02-19 06:07:16'),(48,'F','2019-07-04','Lake Ethelyn','Netherlands','2021-02-19 06:13:31','2021-02-19 06:13:31'),(49,'F','2021-01-15','Lake Cordelia','Greenland','2021-02-19 06:13:31','2021-02-19 06:13:31'),(50,'F','2014-12-04','Lake Justicechester','Latvia','2019-02-21 09:54:47','2021-02-19 06:07:16'),(51,'M','2014-01-09','Port Layneberg','Lebanon','2021-02-19 06:13:31','2021-02-19 06:13:31'),(52,'F','2019-04-13','North Marjolainetown','Morocco','2021-02-19 06:13:31','2021-02-19 06:13:31'),(53,'F','2018-11-08','Gislasonton','Palau','2021-02-19 06:13:31','2021-02-19 06:13:31'),(54,'F','2012-09-14','Stephanmouth','Antigua and Barbuda','2017-01-06 19:25:59','2021-02-19 06:07:16'),(55,'F','2015-04-22','Kautzerburgh','Togo','2021-02-19 06:13:31','2021-02-19 06:13:31'),(56,'M','2017-12-02','Port Robert','Christmas Island','2018-03-05 18:19:10','2021-02-19 06:07:16'),(57,'M','2018-11-18','New Ilene','Korea','2021-02-19 06:13:31','2021-02-19 06:13:31'),(58,'M','2016-09-02','Ralphland','Chad','2016-11-12 15:44:40','2021-02-19 06:07:16'),(59,'M','2018-05-08','Paucekview','Cook Islands','2021-02-19 06:13:31','2021-02-19 06:13:31'),(60,'F','2019-05-24','East Jensenbury','Nauru','2021-02-19 06:13:31','2021-02-19 06:13:31'),(61,'F','2019-03-20','Kianamouth','Maldives','2021-02-19 06:13:31','2021-02-19 06:13:31'),(62,'F','2016-07-17','Feeneyside','Mauritius','2020-03-07 02:57:41','2021-02-19 06:07:16'),(63,'M','2012-06-09','Lake Lois','Saudi Arabia','2019-10-15 00:34:17','2021-02-19 06:07:16'),(64,'M','2018-10-09','Mosestown','Seychelles','2021-02-19 06:13:31','2021-02-19 06:13:31'),(65,'M','2011-10-02','Deonville','Turks and Caicos Islands','2016-12-01 13:00:20','2021-02-19 06:07:16'),(66,'M','2017-11-21','Cummerataside','Papua New Guinea','2021-02-19 06:13:31','2021-02-19 06:13:31'),(67,'F','2018-06-30','West Winona','British Virgin Islands','2021-02-19 06:13:31','2021-02-19 06:13:31'),(68,'M','2016-10-20','New Lauretta','Cuba','2021-02-19 06:13:31','2021-02-19 06:13:31'),(69,'M','2015-07-01','Lake Paul','Norfolk Island','2017-01-10 08:26:53','2021-02-19 06:07:16'),(70,'F','2018-11-05','Ankundingstad','Algeria','2021-02-19 06:13:31','2021-02-19 06:13:31'),(71,'F','2011-02-26','Bahringerview','Poland','2011-11-24 00:15:34','2017-02-12 15:01:17'),(72,'F','2020-08-15','East Giles','Peru','2021-02-19 06:13:31','2021-02-19 06:13:31'),(73,'M','2020-10-01','Welchmouth','Thailand','2021-02-19 06:13:31','2021-02-19 06:13:31'),(74,'M','2014-06-28','North Maureenton','Haiti','2021-02-19 06:13:31','2021-02-19 06:13:31'),(75,'M','2012-12-01','Heaneychester','Swaziland','2020-07-20 00:12:49','2021-02-19 06:07:16'),(76,'F','2014-03-10','West Claudeview','Pitcairn Islands','2019-04-18 01:10:55','2021-02-19 06:07:16'),(77,'F','2016-06-27','Aiyanafort','American Samoa','2019-01-04 11:13:17','2019-03-20 04:06:07'),(78,'F','2014-12-14','Larsonburgh','United States Minor Outlying Islands','2021-02-19 06:13:31','2021-02-19 06:13:31'),(79,'M','2017-01-08','Gottliebtown','British Virgin Islands','2020-09-16 10:34:31','2021-02-19 06:07:16'),(80,'F','2013-06-28','Leuschkeview','Montenegro','2016-12-29 15:27:06','2021-02-19 06:07:16'),(81,'F','2013-08-21','North Domenicfort','Andorra','2021-02-15 03:18:19','2021-02-19 06:07:16'),(82,'M','2018-09-03','Lake Ettieburgh','China','2021-02-19 06:13:31','2021-02-19 06:13:31'),(83,'M','2017-05-06','Port Lulu','Monaco','2018-01-19 06:57:40','2021-02-19 06:07:16'),(84,'F','2012-03-21','South Erica','Saint Helena','2017-09-16 16:02:36','2021-02-19 06:07:16'),(85,'F','2019-05-28','Lavadatown','Chad','2021-02-19 06:13:31','2021-02-19 06:13:31'),(86,'M','2012-03-28','Jackelineview','Turkmenistan','2015-09-28 20:16:58','2021-02-19 06:07:16'),(87,'F','2013-09-22','Madgefurt','Canada','2015-08-08 05:52:22','2015-09-13 10:25:32'),(88,'F','2014-04-23','Nasirfurt','Liechtenstein','2014-09-11 00:35:58','2015-11-03 05:55:08'),(89,'F','2017-04-17','West Amely','Jersey','2019-06-15 10:49:54','2021-02-19 06:07:16'),(90,'F','2017-12-30','Giaside','Cote d\'Ivoire','2021-02-19 06:13:31','2021-02-19 06:13:31'),(91,'M','2014-01-04','South Geoborough','Norway','2016-09-25 23:15:08','2020-02-02 17:01:45'),(92,'F','2020-08-31','Aufderharfort','Colombia','2021-02-19 06:13:31','2021-02-19 06:13:31'),(93,'M','2013-07-29','South Donaldton','Timor-Leste','2016-07-27 10:53:12','2021-02-19 06:07:16'),(94,'M','2016-05-17','Lake Berta','Pakistan','2021-02-19 06:13:31','2021-02-19 06:13:31'),(95,'F','2014-09-10','East Mittie','Botswana','2021-02-19 06:13:31','2021-02-19 06:13:31'),(96,'M','2014-08-07','South Celia','Central African Republic','2021-02-19 06:13:31','2021-02-19 06:13:31'),(97,'M','2013-12-14','Virgilmouth','Cuba','2015-07-02 19:48:34','2021-02-19 06:07:16'),(98,'F','2013-07-01','Syblebury','Tunisia','2018-07-15 10:56:39','2021-02-19 06:07:16'),(99,'F','2019-05-04','Lake Dena','Montenegro','2021-02-19 06:13:31','2021-02-19 06:13:31'),(100,'M','2018-03-31','South Maceystad','Costa Rica','2021-02-19 06:13:31','2021-02-19 06:13:31');
/*!40000 ALTER TABLE `profiles` ENABLE KEYS */;
UNLOCK TABLES;

--
-- Table structure for table `users`
--

DROP TABLE IF EXISTS `users`;
/*!40101 SET @saved_cs_client     = @@character_set_client */;
/*!50503 SET character_set_client = utf8mb4 */;
CREATE TABLE `users` (
  `id` int unsigned NOT NULL AUTO_INCREMENT COMMENT 'Идентификатор строки',
  `first_name` varchar(100) CHARACTER SET utf8mb4 COLLATE utf8mb4_unicode_ci NOT NULL COMMENT 'Имя пользователя',
  `last_name` varchar(100) CHARACTER SET utf8mb4 COLLATE utf8mb4_unicode_ci NOT NULL COMMENT 'Фамилия пользователя',
  `email` varchar(100) CHARACTER SET utf8mb4 COLLATE utf8mb4_unicode_ci NOT NULL COMMENT 'Почта',
  `phone` varchar(100) CHARACTER SET utf8mb4 COLLATE utf8mb4_unicode_ci NOT NULL COMMENT 'Телефон',
  `created_at` datetime DEFAULT CURRENT_TIMESTAMP COMMENT 'Время создания строки',
  `updated_at` datetime DEFAULT CURRENT_TIMESTAMP ON UPDATE CURRENT_TIMESTAMP COMMENT 'Время обновления строки',
  PRIMARY KEY (`id`),
  UNIQUE KEY `email` (`email`),
  UNIQUE KEY `phone` (`phone`)
) ENGINE=InnoDB AUTO_INCREMENT=101 DEFAULT CHARSET=utf8mb4 COLLATE=utf8mb4_unicode_ci COMMENT='Пользователи';
/*!40101 SET character_set_client = @saved_cs_client */;

--
-- Dumping data for table `users`
--

LOCK TABLES `users` WRITE;
/*!40000 ALTER TABLE `users` DISABLE KEYS */;
INSERT INTO `users` VALUES (1,'Anahi','West','osborne14@example.org','(603)191-7975x7535','2018-11-08 06:13:16','2021-02-19 06:03:25'),(2,'Hildegard','Stoltenberg','bailey.rath@example.com','+13(2)2376717655','2012-05-29 06:50:03','2016-10-18 04:26:40'),(3,'Janie','Dickinson','vivian.jacobi@example.com','252-292-2820x79091','2015-06-11 09:16:04','2015-06-16 07:41:28'),(4,'Reva','Quitzon','jacobi.charlene@example.org','209.534.9691','2018-08-14 09:40:42','2021-02-19 06:03:25'),(5,'Stuart','Spencer','pkoch@example.com','(836)775-6059','2012-11-19 08:21:30','2017-08-11 13:46:01'),(6,'Alphonso','Corkery','hane.leonor@example.org','668.395.8058','2013-11-02 06:20:43','2017-04-02 01:11:03'),(7,'Holly','Brekke','welch.thea@example.com','973-738-6247','2015-03-23 02:39:53','2021-02-19 06:03:25'),(8,'Hettie','Graham','eudora32@example.org','(485)289-0063x3763','2018-11-17 21:29:48','2021-02-19 06:03:25'),(9,'Aisha','Cremin','aschumm@example.com','904.081.8313x2054','2019-07-07 20:26:12','2021-02-19 06:03:25'),(10,'Gordon','Bruen','bridgette51@example.com','479.057.2597','2020-05-13 00:58:29','2021-02-19 06:03:25'),(11,'Kevon','Hilpert','amy88@example.net','1-456-237-7633x354','2020-06-07 22:38:03','2021-02-19 06:03:25'),(12,'Abdul','Kub','vromaguera@example.net','+05(8)3843578352','2018-11-14 09:30:57','2021-02-19 06:03:25'),(13,'Ivy','Kemmer','mcdermott.ronaldo@example.org','1-886-106-0299x1998','2016-08-26 23:44:26','2017-05-25 00:56:20'),(14,'Ernestina','Schoen','grimes.jerad@example.org','081.906.4476','2015-12-04 05:55:18','2021-02-19 06:03:25'),(15,'Travon','Schimmel','kuphal.calista@example.com','+06(4)2249075463','2018-07-13 17:42:16','2021-02-19 06:03:25'),(16,'Cyrus','Barton','torphy.pierce@example.org','002.079.1748','2013-09-10 23:44:44','2017-03-08 22:04:18'),(17,'Kennith','Rogahn','johnson.miles@example.com','981-715-8753','2017-08-21 08:28:46','2021-01-23 15:47:34'),(18,'Fae','Satterfield','sanford.gia@example.org','1-191-589-1018','2020-11-15 12:30:26','2021-02-19 06:03:25'),(19,'Candace','Quitzon','judge06@example.com','082.440.0672','2012-05-19 04:09:04','2015-08-31 13:57:34'),(20,'Wayne','Mayert','marcel.braun@example.net','1-600-427-5439x044','2015-07-12 16:14:20','2021-02-19 06:03:25'),(21,'Titus','Spinka','lang.blanca@example.org','+54(0)4076005466','2013-06-24 16:39:46','2016-12-19 05:09:18'),(22,'Wilton','Ziemann','barton.haleigh@example.com','873-601-4459','2013-03-05 19:31:52','2014-12-03 02:08:44'),(23,'Rickey','Erdman','gvandervort@example.com','088.271.5070x11099','2014-01-23 00:27:57','2016-08-20 16:47:57'),(24,'Oran','Connelly','destany.runolfsdottir@example.com','1-763-638-8547x75023','2014-02-21 08:45:17','2020-10-06 13:15:02'),(25,'Kirk','Larson','wconroy@example.com','538.996.3835x092','2017-10-06 14:04:50','2021-02-19 06:03:25'),(26,'Giles','Macejkovic','nvandervort@example.org','1-615-461-4115','2015-04-24 04:54:04','2021-02-19 06:03:25'),(27,'Diego','Padberg','harmon65@example.net','269-422-3304','2018-10-16 15:30:18','2021-02-19 06:03:25'),(28,'Issac','McLaughlin','madonna.gibson@example.com','(778)030-4198x36743','2015-04-22 22:39:53','2021-02-19 06:03:25'),(29,'Sammie','Haley','bo46@example.net','999-947-9163x91509','2018-09-06 09:04:40','2021-02-19 06:03:25'),(30,'Piper','Collins','dillon.stroman@example.net','086.105.5899x50591','2015-09-23 12:32:42','2021-02-19 06:03:25'),(31,'Lucas','Simonis','gabe89@example.org','1-189-478-1957x110','2016-03-28 19:03:33','2020-05-04 02:32:12'),(32,'Lysanne','Beahan','qernser@example.com','1-119-077-9260x47631','2019-09-27 06:02:11','2021-02-19 06:03:25'),(33,'Keagan','Trantow','bruce.turner@example.com','1-031-564-7355x5265','2013-01-15 23:47:39','2020-02-25 22:42:31'),(34,'Elnora','Johnson','zsteuber@example.com','1-105-232-5096x586','2020-02-28 11:54:34','2020-10-05 03:31:21'),(35,'Brain','Bernhard','winona.toy@example.net','1-246-075-0120x9152','2018-04-21 17:30:24','2021-02-19 06:03:25'),(36,'Graciela','Jakubowski','felicita68@example.org','1-051-171-3533x99861','2014-03-10 01:59:42','2018-10-06 23:34:19'),(37,'Cecil','Hartmann','reba.leannon@example.org','193.156.0977x5395','2015-04-01 14:14:55','2016-10-30 23:25:22'),(38,'Vern','Bailey','hirthe.eusebio@example.com','317-525-7409x70938','2011-09-15 10:45:37','2018-06-15 20:42:31'),(39,'Ara','Breitenberg','dylan22@example.com','1-386-419-1412x200','2020-01-06 02:11:54','2021-02-19 06:03:25'),(40,'Antonette','Robel','schulist.crawford@example.net','00192714859','2014-06-11 01:40:43','2020-03-28 09:05:47'),(41,'Walker','Heidenreich','arely97@example.net','848.703.0208','2013-02-23 21:22:23','2019-05-21 18:01:40'),(42,'Alena','Renner','fabian05@example.com','066-596-0224x203','2012-05-17 22:14:18','2017-04-08 03:43:04'),(43,'Cayla','Gorczany','jkreiger@example.net','1-551-757-6695x1881','2012-10-08 22:15:31','2014-08-01 08:14:57'),(44,'Murl','Hessel','elias.weimann@example.com','(221)360-5424','2020-08-19 04:09:11','2021-02-19 06:03:25'),(45,'Anna','Wehner','altenwerth.clemmie@example.net','(975)923-1340','2016-12-30 16:16:32','2021-02-19 06:03:25'),(46,'Marcia','Prohaska','jazmyn81@example.net','762.987.1202x37170','2013-01-23 15:42:03','2017-10-16 02:27:37'),(47,'Noemy','Schoen','cordie55@example.org','619.235.9748','2013-02-04 19:56:45','2019-12-05 16:15:11'),(48,'Chelsie','Skiles','bblock@example.com','970.145.7019x26588','2011-10-05 15:33:11','2017-01-12 10:54:08'),(49,'Aisha','Heaney','jayne.becker@example.com','550-215-0427x611','2017-11-12 05:12:05','2021-02-19 06:03:25'),(50,'Ulises','Torphy','brown.ernestina@example.org','213-634-4956x66594','2018-09-11 18:12:56','2021-02-19 06:03:25'),(51,'Sophia','Collins','streich.christopher@example.org','158.826.0992x21342','2014-09-10 20:21:04','2021-02-19 06:03:25'),(52,'David','Heidenreich','yboehm@example.com','702.003.3098','2015-07-09 04:42:03','2021-02-19 06:03:25'),(53,'Lacey','Schiller','roderick.cummerata@example.com','(696)143-3062x040','2013-06-24 19:40:43','2015-11-17 06:52:55'),(54,'Margarette','Haley','retta38@example.org','(185)441-2397','2011-06-11 05:41:02','2013-08-18 23:23:28'),(55,'Leola','Gibson','dare.jacques@example.org','+92(4)3961429742','2017-11-25 04:11:39','2021-02-19 06:03:25'),(56,'Reynold','Jakubowski','theodora.ondricka@example.org','(844)639-8069x3116','2012-10-17 13:54:43','2020-09-29 15:00:56'),(57,'Jensen','Labadie','thurman01@example.com','109-276-7806x6712','2012-10-17 14:14:33','2015-12-05 18:04:05'),(58,'Reuben','Schuster','kemmer.heloise@example.net','1-056-015-9197','2015-08-18 21:22:45','2015-08-23 14:11:06'),(59,'Vita','Schmeler','jannie.koss@example.net','565-748-1274','2017-03-15 11:20:58','2017-06-09 15:52:11'),(60,'Linnie','Crist','angie21@example.org','821-449-1838','2015-10-05 17:23:54','2018-06-01 05:11:53'),(61,'Rosemarie','Klocko','rickie.wintheiser@example.org','1-993-019-3021x6640','2019-02-24 15:13:51','2021-02-19 06:03:25'),(62,'Laurie','Towne','jose.rippin@example.org','924.497.4955','2018-04-08 09:40:31','2020-06-26 08:26:13'),(63,'Garrick','Reichel','ocorkery@example.org','+60(2)5513914265','2014-03-28 10:54:22','2019-09-27 21:40:56'),(64,'Madisyn','Schoen','rfeest@example.org','+91(8)4656436799','2016-11-07 23:14:31','2021-02-19 06:03:25'),(65,'Junior','Wisoky','flowe@example.org','05715377703','2012-02-25 06:03:48','2019-06-17 11:26:30'),(66,'Alba','Nitzsche','creola15@example.org','03297254811','2013-04-16 22:32:26','2013-12-27 10:21:51'),(67,'Meggie','Kessler','anika06@example.com','377-723-0910x48356','2015-05-24 04:53:21','2021-02-19 06:03:25'),(68,'Alec','McLaughlin','emard.jordan@example.org','949.833.2953','2014-10-22 11:01:34','2018-06-27 08:00:09'),(69,'Gerda','Cole','swift.eloisa@example.org','104-730-8739x5664','2013-12-30 10:11:42','2017-08-19 06:40:38'),(70,'Cornell','Herzog','mohamed.bradtke@example.net','1-271-654-5957x62542','2014-05-24 16:32:42','2021-02-19 06:03:25'),(71,'Corene','Braun','keyon.bergnaum@example.net','514-653-1292x67122','2015-02-14 06:04:25','2016-09-19 03:46:37'),(72,'Ali','Reichert','gerlach.alvena@example.com','039.144.8207','2011-04-10 02:04:12','2012-09-28 12:11:35'),(73,'Kristy','Kunde','o\'kon.eryn@example.com','827.419.6291x633','2011-07-19 23:56:37','2018-05-01 14:40:55'),(74,'Leo','Bechtelar','anais.grant@example.net','+34(5)2209899564','2020-01-28 21:06:13','2021-02-19 06:03:25'),(75,'Roy','Klein','janis.schmeler@example.com','429.462.5032','2016-06-29 03:29:22','2017-05-02 17:48:02'),(76,'Reggie','Daugherty','phessel@example.net','(746)297-3144x73943','2019-03-22 16:08:33','2021-02-19 06:03:25'),(77,'Abdul','Heaney','wiley82@example.net','839.963.0669x2555','2015-08-04 16:22:34','2021-02-19 06:03:25'),(78,'Laurel','Borer','vpfeffer@example.com','477.957.7922','2015-02-10 15:26:19','2021-02-19 06:03:25'),(79,'Cecilia','Rowe','rocio55@example.org','1-236-769-4207x8700','2013-02-08 18:30:42','2021-02-19 06:03:25'),(80,'Adriana','Daugherty','little.vergie@example.net','691.771.0031','2020-02-03 19:57:16','2021-02-19 06:03:25'),(81,'Makayla','Beahan','harvey.haven@example.org','1-920-906-2961x3194','2019-07-14 13:16:02','2019-12-03 18:44:19'),(82,'Arnoldo','Armstrong','orville74@example.org','(984)261-2639x5125','2019-10-05 09:40:51','2021-02-19 06:03:25'),(83,'Monique','Grimes','bins.elna@example.org','(855)521-9458x220','2020-07-30 12:46:03','2020-11-30 20:54:21'),(84,'Selina','Rosenbaum','kody97@example.org','744.535.9331x9876','2020-02-10 15:24:56','2021-02-19 06:03:25'),(85,'Nathaniel','Simonis','hoppe.juvenal@example.com','(110)031-9533','2019-02-18 03:23:23','2020-12-15 00:33:53'),(86,'Guadalupe','Rempel','antone51@example.org','(014)158-4330x1143','2017-10-02 01:14:15','2021-02-19 06:03:25'),(87,'Elsie','Rutherford','ubartoletti@example.net','903-449-8709','2017-02-16 00:05:15','2017-05-28 05:06:31'),(88,'Shaun','Gislason','vonrueden.frida@example.com','984.963.9034','2016-09-10 17:26:37','2019-01-02 20:31:41'),(89,'Johnson','Gottlieb','enrico63@example.org','810-633-1977','2015-06-28 23:11:09','2021-02-19 06:03:25'),(90,'Maurine','Jaskolski','sonya.denesik@example.com','(571)024-5738x197','2018-08-09 07:54:30','2021-02-19 06:03:25'),(91,'Lowell','Corkery','yratke@example.net','(106)863-3516x09041','2018-01-15 10:23:51','2021-02-19 06:03:25'),(92,'Jacinto','Wolf','shanelle45@example.org','997-038-4878','2016-03-10 15:46:11','2018-12-31 09:26:32'),(93,'Ashlynn','Russel','huel.jordy@example.net','073.982.0350x6070','2019-04-12 17:06:09','2021-02-19 06:03:25'),(94,'Lelah','Rohan','xfriesen@example.net','(125)241-8270x5856','2014-08-21 21:21:23','2021-02-19 06:03:25'),(95,'Demetrius','Littel','kutch.toney@example.org','(379)777-1618x20476','2013-07-04 04:17:47','2020-11-18 22:37:23'),(96,'Nikolas','Anderson','wilderman.karelle@example.com','1-931-743-2640x11056','2020-12-13 11:43:23','2021-02-19 06:03:25'),(97,'Aiden','Cartwright','abel.skiles@example.com','049-528-0428','2013-08-16 10:51:00','2016-08-25 03:39:41'),(98,'Savanna','Bogisich','dedric.pfeffer@example.com','928.889.8295x11265','2015-09-11 13:06:25','2019-12-09 20:28:24'),(99,'Kayla','Rippin','eondricka@example.net','1-086-199-4540x13467','2020-06-10 01:03:36','2021-02-19 06:03:25'),(100,'Kiley','Anderson','claudie.kilback@example.net','1-876-405-9054x832','2019-07-18 18:46:29','2021-02-02 23:51:13');
/*!40000 ALTER TABLE `users` ENABLE KEYS */;
UNLOCK TABLES;
/*!40103 SET TIME_ZONE=@OLD_TIME_ZONE */;

/*!40101 SET SQL_MODE=@OLD_SQL_MODE */;
/*!40014 SET FOREIGN_KEY_CHECKS=@OLD_FOREIGN_KEY_CHECKS */;
/*!40014 SET UNIQUE_CHECKS=@OLD_UNIQUE_CHECKS */;
/*!40101 SET CHARACTER_SET_CLIENT=@OLD_CHARACTER_SET_CLIENT */;
/*!40101 SET CHARACTER_SET_RESULTS=@OLD_CHARACTER_SET_RESULTS */;
/*!40101 SET COLLATION_CONNECTION=@OLD_COLLATION_CONNECTION */;
/*!40111 SET SQL_NOTES=@OLD_SQL_NOTES */;

-- Dump completed on 2021-02-19  8:12:23
